<?xml version = '1.0' encoding = 'UTF-8'?>
<Entity class="oracle.dbtools.crest.model.design.logical.Entity" directorySegmentName="seg_0" id="1EF5A091-36B2-F993-9CA6-6A63A412008F" name="LOD">
<createdBy>litvaluk</createdBy>
<createdTime>2018-03-16 16:47:46 UTC</createdTime>
<ownerDesignName>vds</ownerDesignName>
<engineerTo>
<item key="FB1D4651-DB5A-A48B-0CE7-70F3D73FDF47" value="true"/>
</engineerTo>
<adequatelyNormalized>NO</adequatelyNormalized>
<expectedVolumes>0</expectedVolumes>
<fwdEngineeringStrategyName>Single Table</fwdEngineeringStrategyName>
<growthPercent>0</growthPercent>
<growthType>Year</growthType>
<maxVolumes>9999999</maxVolumes>
<minVolumes>0</minVolumes>
<normalForm>Third</normalForm>
<attributes itemClass="oracle.dbtools.crest.model.design.logical.Attribute">
<Attribute name="LOD_KEY" id="3A44AAF7-F232-50DB-FE8A-2E6B916806BB">
<createdBy>litvaluk</createdBy>
<createdTime>2018-03-16 16:48:20 UTC</createdTime>
<ownerDesignName>vds</ownerDesignName>
<engineerTo>
<item key="FB1D4651-DB5A-A48B-0CE7-70F3D73FDF47" value="true"/>
</engineerTo>
<useDomainConstraints>false</useDomainConstraints>
<use>1</use>
<logicalDatatype>LOGDT011</logicalDatatype>
<ownDataTypeParameters>,,</ownDataTypeParameters>
</Attribute>
<Attribute name="MODEL_KEY" id="C0DFF937-505C-ADA4-DBB5-993A05B88797">
<createdBy>litvaluk</createdBy>
<createdTime>2018-03-16 16:50:46 UTC</createdTime>
<generatorID>EE0D62C9-85BC-5440-5240-0D6C0366BE9B</generatorID>
<ownerDesignName>vds</ownerDesignName>
<engineerTo>
<item key="FB1D4651-DB5A-A48B-0CE7-70F3D73FDF47" value="true"/>
</engineerTo>
<referedAttribute>E4970270-8C08-99E9-D7AE-7ECCCD674AE5</referedAttribute>
<useDomainConstraints>false</useDomainConstraints>
<use>1</use>
<logicalDatatype>LOGDT011</logicalDatatype>
<ownDataTypeParameters>,,</ownDataTypeParameters>
</Attribute>
<Attribute name="NAZEV" id="536253F8-F8B3-9395-5D19-6B28322771D0">
<createdBy>litvaluk</createdBy>
<createdTime>2018-03-16 17:06:32 UTC</createdTime>
<ownerDesignName>vds</ownerDesignName>
<engineerTo>
<item key="FB1D4651-DB5A-A48B-0CE7-70F3D73FDF47" value="true"/>
</engineerTo>
<useDomainConstraints>false</useDomainConstraints>
<use>1</use>
<logicalDatatype>LOGDT024</logicalDatatype>
<dataTypeSize>30 CHAR</dataTypeSize>
<ownDataTypeParameters>30 CHAR,,</ownDataTypeParameters>
</Attribute>
<Attribute name="BARVA" id="95F7B6EF-5814-0421-B132-51B650881709">
<createdBy>litvaluk</createdBy>
<createdTime>2018-03-16 17:21:26 UTC</createdTime>
<ownerDesignName>vds</ownerDesignName>
<engineerTo>
<item key="FB1D4651-DB5A-A48B-0CE7-70F3D73FDF47" value="true"/>
</engineerTo>
<nullsAllowed>true</nullsAllowed>
<useDomainConstraints>false</useDomainConstraints>
<use>1</use>
<logicalDatatype>LOGDT024</logicalDatatype>
<dataTypeSize>20 CHAR</dataTypeSize>
<ownDataTypeParameters>20 CHAR,,</ownDataTypeParameters>
</Attribute>
</attributes>
<identifiers itemClass="oracle.dbtools.crest.model.design.logical.CandidateKey">
<identifier id="610A0849-EF0B-9083-92AC-C547FE88911C" name="LOD PK">
<createdBy>litvaluk</createdBy>
<createdTime>2018-03-16 16:48:37 UTC</createdTime>
<ownerDesignName>vds</ownerDesignName>
<shouldEngineer>false</shouldEngineer>
<engineerTo>
<item key="FB1D4651-DB5A-A48B-0CE7-70F3D73FDF47" value="false"/>
</engineerTo>
<pk>true</pk>
<usedAttributes>
<attributeRef>3A44AAF7-F232-50DB-FE8A-2E6B916806BB</attributeRef>
</usedAttributes>
</identifier>
<identifier id="5B0A3D6C-E651-40A2-4C21-82A217EC9F84" name="NAZEV">
<createdBy>litvaluk</createdBy>
<createdTime>2018-03-16 17:06:12 UTC</createdTime>
<ownerDesignName>vds</ownerDesignName>
<shouldEngineer>false</shouldEngineer>
<engineerTo>
<item key="FB1D4651-DB5A-A48B-0CE7-70F3D73FDF47" value="false"/>
</engineerTo>
<newElementsIDs>536253F8-F8B3-9395-5D19-6B28322771D0</newElementsIDs>
<usedAttributes>
<attributeRef>536253F8-F8B3-9395-5D19-6B28322771D0</attributeRef>
</usedAttributes>
</identifier>
</identifiers>
</Entity>