<?xml version = '1.0' encoding = 'UTF-8'?>
<Entity class="oracle.dbtools.crest.model.design.logical.Entity" directorySegmentName="seg_0" id="23F58857-3551-DE48-C5BF-E4E03665C467" name="PLANETA">
<createdBy>litvaluk</createdBy>
<createdTime>2018-03-14 12:54:47 UTC</createdTime>
<ownerDesignName>vds</ownerDesignName>
<engineerTo>
<item key="FB1D4651-DB5A-A48B-0CE7-70F3D73FDF47" value="true"/>
</engineerTo>
<adequatelyNormalized>NO</adequatelyNormalized>
<expectedVolumes>0</expectedVolumes>
<fwdEngineeringStrategyName>Single Table</fwdEngineeringStrategyName>
<growthPercent>0</growthPercent>
<growthType>Year</growthType>
<maxVolumes>9999999</maxVolumes>
<minVolumes>0</minVolumes>
<normalForm>Third</normalForm>
<attributes itemClass="oracle.dbtools.crest.model.design.logical.Attribute">
<Attribute name="PLANETA_KEY" id="1BAFC679-1FD6-E5ED-8A62-8A3DF7B4759B">
<createdBy>litvaluk</createdBy>
<createdTime>2018-03-14 13:03:18 UTC</createdTime>
<ownerDesignName>vds</ownerDesignName>
<engineerTo>
<item key="FB1D4651-DB5A-A48B-0CE7-70F3D73FDF47" value="true"/>
</engineerTo>
<useDomainConstraints>false</useDomainConstraints>
<use>1</use>
<logicalDatatype>LOGDT011</logicalDatatype>
<ownDataTypeParameters>,,</ownDataTypeParameters>
</Attribute>
<Attribute name="NAZEV" id="88F1153C-EB8A-C270-B41E-33BFE23F5689">
<createdBy>litvaluk</createdBy>
<createdTime>2018-03-14 13:12:47 UTC</createdTime>
<ownerDesignName>vds</ownerDesignName>
<engineerTo>
<item key="FB1D4651-DB5A-A48B-0CE7-70F3D73FDF47" value="true"/>
</engineerTo>
<useDomainConstraints>false</useDomainConstraints>
<use>1</use>
<logicalDatatype>LOGDT024</logicalDatatype>
<dataTypeSize>50 CHAR</dataTypeSize>
<ownDataTypeParameters>50 CHAR,,</ownDataTypeParameters>
</Attribute>
<Attribute name="HMOTNOST" id="FBC00D2B-0F63-A630-B39C-7B24CD702C98">
<createdBy>litvaluk</createdBy>
<createdTime>2018-03-14 13:13:06 UTC</createdTime>
<ownerDesignName>vds</ownerDesignName>
<engineerTo>
<item key="FB1D4651-DB5A-A48B-0CE7-70F3D73FDF47" value="true"/>
</engineerTo>
<nullsAllowed>true</nullsAllowed>
<useDomainConstraints>false</useDomainConstraints>
<use>1</use>
<logicalDatatype>LOGDT011</logicalDatatype>
<ownDataTypeParameters>,,</ownDataTypeParameters>
</Attribute>
<Attribute name="PRUMER" id="44C4B873-44FC-BE32-FAA6-7993A3BDFF3E">
<createdBy>litvaluk</createdBy>
<createdTime>2018-03-14 13:13:37 UTC</createdTime>
<ownerDesignName>vds</ownerDesignName>
<engineerTo>
<item key="FB1D4651-DB5A-A48B-0CE7-70F3D73FDF47" value="true"/>
</engineerTo>
<nullsAllowed>true</nullsAllowed>
<useDomainConstraints>false</useDomainConstraints>
<use>1</use>
<logicalDatatype>LOGDT011</logicalDatatype>
<ownDataTypeParameters>,,</ownDataTypeParameters>
</Attribute>
<Attribute name="SEKTOR_KEY" id="6FA6C12E-D957-3F1F-E392-3D3676703506">
<createdBy>litvaluk</createdBy>
<createdTime>2018-03-14 13:40:02 UTC</createdTime>
<generatorID>816F2148-1A6C-39C3-40A8-DC9E95999F4C</generatorID>
<ownerDesignName>vds</ownerDesignName>
<engineerTo>
<item key="FB1D4651-DB5A-A48B-0CE7-70F3D73FDF47" value="true"/>
</engineerTo>
<referedAttribute>E460E2A1-D8B8-7051-8B70-231BC7D91C7C</referedAttribute>
<useDomainConstraints>false</useDomainConstraints>
<use>1</use>
<logicalDatatype>LOGDT011</logicalDatatype>
<ownDataTypeParameters>,,</ownDataTypeParameters>
</Attribute>
</attributes>
<identifiers itemClass="oracle.dbtools.crest.model.design.logical.CandidateKey">
<identifier id="8543181D-1161-B163-D204-43F66EB1EDFC" name="PLANETA PK">
<createdBy>litvaluk</createdBy>
<createdTime>2018-03-14 13:03:27 UTC</createdTime>
<ownerDesignName>vds</ownerDesignName>
<engineerTo>
<item key="FB1D4651-DB5A-A48B-0CE7-70F3D73FDF47" value="true"/>
</engineerTo>
<pk>true</pk>
<usedAttributes>
<attributeRef>1BAFC679-1FD6-E5ED-8A62-8A3DF7B4759B</attributeRef>
</usedAttributes>
</identifier>
<identifier id="225D24AC-B307-CE78-6B13-08C45DAC3F17" name="NAZEV">
<createdBy>litvaluk</createdBy>
<createdTime>2018-03-16 17:03:58 UTC</createdTime>
<ownerDesignName>vds</ownerDesignName>
<engineerTo>
<item key="FB1D4651-DB5A-A48B-0CE7-70F3D73FDF47" value="true"/>
</engineerTo>
<newElementsIDs>88F1153C-EB8A-C270-B41E-33BFE23F5689</newElementsIDs>
<usedAttributes>
<attributeRef>88F1153C-EB8A-C270-B41E-33BFE23F5689</attributeRef>
</usedAttributes>
</identifier>
</identifiers>
</Entity>