<?xml version = '1.0' encoding = 'UTF-8'?>
<Entity class="oracle.dbtools.crest.model.design.logical.Entity" directorySegmentName="seg_0" id="3D2F7B69-B5A3-E3B1-EE0C-3D7FC9F05D71" name="PILOT">
<createdBy>litvaluk</createdBy>
<createdTime>2018-03-14 12:47:53 UTC</createdTime>
<ownerDesignName>vds</ownerDesignName>
<engineerTo>
<item key="91AE957C-4D41-EF17-E8DC-570D79E1DFEE" value="true"/>
</engineerTo>
<adequatelyNormalized>NO</adequatelyNormalized>
<expectedVolumes>0</expectedVolumes>
<fwdEngineeringStrategyName>Single Table</fwdEngineeringStrategyName>
<growthPercent>0</growthPercent>
<growthType>Year</growthType>
<maxVolumes>9999999</maxVolumes>
<minVolumes>0</minVolumes>
<normalForm>Third</normalForm>
<attributes itemClass="oracle.dbtools.crest.model.design.logical.Attribute">
<Attribute name="PILOT_KEY" id="70589472-26B9-6C9A-E544-E1F6E4B3B7FF">
<createdBy>litvaluk</createdBy>
<createdTime>2018-03-20 10:55:53 UTC</createdTime>
<ownerDesignName>vds</ownerDesignName>
<engineerTo>
<item key="91AE957C-4D41-EF17-E8DC-570D79E1DFEE" value="true"/>
</engineerTo>
<useDomainConstraints>false</useDomainConstraints>
<use>1</use>
<logicalDatatype>LOGDT011</logicalDatatype>
<ownDataTypeParameters>,,</ownDataTypeParameters>
</Attribute>
<Attribute name="ZAMESTANEC_KEY" id="908FF031-0218-BF77-4FC1-41D82D7D2C45">
<createdBy>litvaluk</createdBy>
<createdTime>2018-03-14 13:46:08 UTC</createdTime>
<generatorID>65ABDFB2-96C6-D31D-EA0A-ABFBB43206BE</generatorID>
<ownerDesignName>vds</ownerDesignName>
<engineerTo>
<item key="91AE957C-4D41-EF17-E8DC-570D79E1DFEE" value="true"/>
</engineerTo>
<referedAttribute>299AC2C6-3A64-7B35-5AF4-065AE46CCD3B</referedAttribute>
<useDomainConstraints>false</useDomainConstraints>
<use>1</use>
<logicalDatatype>LOGDT011</logicalDatatype>
<ownDataTypeParameters>,,</ownDataTypeParameters>
</Attribute>
<Attribute name="CISLO_PRUKAZU" id="0A791F31-F737-0875-4FAE-5A5DBF07E928">
<createdBy>litvaluk</createdBy>
<createdTime>2018-03-16 17:15:25 UTC</createdTime>
<ownerDesignName>vds</ownerDesignName>
<engineerTo>
<item key="91AE957C-4D41-EF17-E8DC-570D79E1DFEE" value="true"/>
</engineerTo>
<nullsAllowed>true</nullsAllowed>
<useDomainConstraints>false</useDomainConstraints>
<use>1</use>
<logicalDatatype>LOGDT011</logicalDatatype>
<ownDataTypeParameters>,,</ownDataTypeParameters>
</Attribute>
</attributes>
<identifiers itemClass="oracle.dbtools.crest.model.design.logical.CandidateKey">
<identifier id="98B0FB63-74BC-72B9-2ABE-F7EBED3E27EC" name="PILOT PK">
<createdBy>litvaluk</createdBy>
<createdTime>2018-03-14 13:46:08 UTC</createdTime>
<ownerDesignName>vds</ownerDesignName>
<engineerTo>
<item key="91AE957C-4D41-EF17-E8DC-570D79E1DFEE" value="true"/>
</engineerTo>
<pk>true</pk>
<usedAttributes>
<attributeRef>908FF031-0218-BF77-4FC1-41D82D7D2C45</attributeRef>
<attributeRef>70589472-26B9-6C9A-E544-E1F6E4B3B7FF</attributeRef>
</usedAttributes>
</identifier>
<identifier id="ACCC2A39-17CF-A95A-0F83-F230211DA058" name="CISLO_PRUKAZU">
<createdBy>litvaluk</createdBy>
<createdTime>2018-03-16 17:18:56 UTC</createdTime>
<ownerDesignName>vds</ownerDesignName>
<engineerTo>
<item key="91AE957C-4D41-EF17-E8DC-570D79E1DFEE" value="true"/>
</engineerTo>
<newElementsIDs>0A791F31-F737-0875-4FAE-5A5DBF07E928</newElementsIDs>
<usedAttributes>
<attributeRef>0A791F31-F737-0875-4FAE-5A5DBF07E928</attributeRef>
</usedAttributes>
</identifier>
</identifiers>
</Entity>