<?xml version = '1.0' encoding = 'UTF-8'?>
<Entity class="oracle.dbtools.crest.model.design.logical.Entity" directorySegmentName="seg_0" id="79A238E3-CE6F-4E80-0D0E-B62740C489FD" name="MODEL">
<createdBy>litvaluk</createdBy>
<createdTime>2018-03-14 12:44:25 UTC</createdTime>
<ownerDesignName>vds</ownerDesignName>
<engineerTo>
<item key="FB1D4651-DB5A-A48B-0CE7-70F3D73FDF47" value="true"/>
</engineerTo>
<adequatelyNormalized>NO</adequatelyNormalized>
<expectedVolumes>0</expectedVolumes>
<fwdEngineeringStrategyName>Single Table</fwdEngineeringStrategyName>
<growthPercent>0</growthPercent>
<growthType>Year</growthType>
<maxVolumes>9999999</maxVolumes>
<minVolumes>0</minVolumes>
<normalForm>Third</normalForm>
<attributes itemClass="oracle.dbtools.crest.model.design.logical.Attribute">
<Attribute name="MODEL_KEY" id="E4970270-8C08-99E9-D7AE-7ECCCD674AE5">
<createdBy>litvaluk</createdBy>
<createdTime>2018-03-14 13:18:19 UTC</createdTime>
<ownerDesignName>vds</ownerDesignName>
<engineerTo>
<item key="FB1D4651-DB5A-A48B-0CE7-70F3D73FDF47" value="true"/>
</engineerTo>
<useDomainConstraints>false</useDomainConstraints>
<use>1</use>
<logicalDatatype>LOGDT011</logicalDatatype>
<ownDataTypeParameters>,,</ownDataTypeParameters>
</Attribute>
<Attribute name="NAZEV" id="7894AFF9-B3E0-A20E-8671-AF2448F84122">
<createdBy>litvaluk</createdBy>
<createdTime>2018-03-16 16:43:25 UTC</createdTime>
<ownerDesignName>vds</ownerDesignName>
<engineerTo>
<item key="FB1D4651-DB5A-A48B-0CE7-70F3D73FDF47" value="true"/>
</engineerTo>
<useDomainConstraints>false</useDomainConstraints>
<use>1</use>
<logicalDatatype>LOGDT024</logicalDatatype>
<dataTypeSize>30 CHAR</dataTypeSize>
<ownDataTypeParameters>30 CHAR,,</ownDataTypeParameters>
</Attribute>
<Attribute name="PALIVO" id="DE03AD14-D538-361A-68BD-8889AF4A8485">
<createdBy>litvaluk</createdBy>
<createdTime>2018-03-16 16:42:52 UTC</createdTime>
<ownerDesignName>vds</ownerDesignName>
<engineerTo>
<item key="FB1D4651-DB5A-A48B-0CE7-70F3D73FDF47" value="true"/>
</engineerTo>
<nullsAllowed>true</nullsAllowed>
<useDomainConstraints>false</useDomainConstraints>
<use>1</use>
<logicalDatatype>LOGDT024</logicalDatatype>
<dataTypeSize>20 CHAR</dataTypeSize>
<ownDataTypeParameters>20 CHAR,,</ownDataTypeParameters>
</Attribute>
</attributes>
<identifiers itemClass="oracle.dbtools.crest.model.design.logical.CandidateKey">
<identifier id="029D64A9-D5D0-378D-3F20-5E4BDB118C7C" name="MODEL PK">
<createdBy>litvaluk</createdBy>
<createdTime>2018-03-14 13:18:25 UTC</createdTime>
<ownerDesignName>vds</ownerDesignName>
<shouldEngineer>false</shouldEngineer>
<engineerTo>
<item key="FB1D4651-DB5A-A48B-0CE7-70F3D73FDF47" value="false"/>
</engineerTo>
<pk>true</pk>
<usedAttributes>
<attributeRef>E4970270-8C08-99E9-D7AE-7ECCCD674AE5</attributeRef>
</usedAttributes>
</identifier>
<identifier id="7403A205-EC2B-D9B7-6EAE-E4CACD28C341" name="NAZEV">
<createdBy>litvaluk</createdBy>
<createdTime>2018-03-16 17:02:05 UTC</createdTime>
<ownerDesignName>vds</ownerDesignName>
<shouldEngineer>false</shouldEngineer>
<engineerTo>
<item key="FB1D4651-DB5A-A48B-0CE7-70F3D73FDF47" value="false"/>
</engineerTo>
<newElementsIDs>7894AFF9-B3E0-A20E-8671-AF2448F84122</newElementsIDs>
<usedAttributes>
<attributeRef>7894AFF9-B3E0-A20E-8671-AF2448F84122</attributeRef>
</usedAttributes>
</identifier>
</identifiers>
</Entity>