<?xml version = '1.0' encoding = 'UTF-8'?>
<Entity class="oracle.dbtools.crest.model.design.logical.Entity" directorySegmentName="seg_0" id="8B319392-84F0-E4B5-98FA-4B6B3F60FFF9" name="CESTUJICI">
<createdBy>litvaluk</createdBy>
<createdTime>2018-03-14 12:54:40 UTC</createdTime>
<ownerDesignName>vds</ownerDesignName>
<engineerTo>
<item key="FB1D4651-DB5A-A48B-0CE7-70F3D73FDF47" value="true"/>
</engineerTo>
<adequatelyNormalized>NO</adequatelyNormalized>
<expectedVolumes>0</expectedVolumes>
<fwdEngineeringStrategyName>Single Table</fwdEngineeringStrategyName>
<growthPercent>0</growthPercent>
<growthType>Year</growthType>
<maxVolumes>9999999</maxVolumes>
<minVolumes>0</minVolumes>
<normalForm>Third</normalForm>
<attributes itemClass="oracle.dbtools.crest.model.design.logical.Attribute">
<Attribute name="CESTUJICI_KEY" id="0FB15B01-A267-C286-F347-A8F4D120D2C9">
<createdBy>litvaluk</createdBy>
<createdTime>2018-03-14 12:56:33 UTC</createdTime>
<ownerDesignName>vds</ownerDesignName>
<engineerTo>
<item key="FB1D4651-DB5A-A48B-0CE7-70F3D73FDF47" value="true"/>
</engineerTo>
<useDomainConstraints>false</useDomainConstraints>
<use>1</use>
<logicalDatatype>LOGDT011</logicalDatatype>
<ownDataTypeParameters>,,</ownDataTypeParameters>
</Attribute>
<Attribute name="JMENO" id="E512288B-A8C9-8CA6-1D15-6D5A24D50B5F">
<createdBy>litvaluk</createdBy>
<createdTime>2018-03-14 12:58:11 UTC</createdTime>
<ownerDesignName>vds</ownerDesignName>
<engineerTo>
<item key="FB1D4651-DB5A-A48B-0CE7-70F3D73FDF47" value="true"/>
</engineerTo>
<useDomainConstraints>false</useDomainConstraints>
<use>1</use>
<logicalDatatype>LOGDT024</logicalDatatype>
<dataTypeSize>30 CHAR</dataTypeSize>
<ownDataTypeParameters>30 CHAR,,</ownDataTypeParameters>
</Attribute>
<Attribute name="PRIJMENI" id="F66B306A-CDC0-F44E-B2AE-3438ED3E1533">
<createdBy>litvaluk</createdBy>
<createdTime>2018-03-14 12:59:19 UTC</createdTime>
<ownerDesignName>vds</ownerDesignName>
<engineerTo>
<item key="FB1D4651-DB5A-A48B-0CE7-70F3D73FDF47" value="true"/>
</engineerTo>
<useDomainConstraints>false</useDomainConstraints>
<use>1</use>
<logicalDatatype>LOGDT024</logicalDatatype>
<dataTypeSize>30 CHAR</dataTypeSize>
<ownDataTypeParameters>30 CHAR,,</ownDataTypeParameters>
</Attribute>
<Attribute name="DATUM_NAROZENI" id="54F0CC4B-154B-8C5B-B141-FC12FA787165">
<createdBy>litvaluk</createdBy>
<createdTime>2018-03-14 13:02:25 UTC</createdTime>
<ownerDesignName>vds</ownerDesignName>
<engineerTo>
<item key="FB1D4651-DB5A-A48B-0CE7-70F3D73FDF47" value="true"/>
</engineerTo>
<nullsAllowed>true</nullsAllowed>
<useDomainConstraints>false</useDomainConstraints>
<use>1</use>
<logicalDatatype>LOGDT007</logicalDatatype>
<ownDataTypeParameters>,,</ownDataTypeParameters>
</Attribute>
<Attribute name="PLANETA_KEY" id="A693BDCF-3A38-C082-BAA0-6ED6257D4CBF">
<createdBy>litvaluk</createdBy>
<createdTime>2018-03-14 13:39:18 UTC</createdTime>
<generatorID>EE7B3234-D516-CED4-73BC-2FA3ACAF245D</generatorID>
<ownerDesignName>vds</ownerDesignName>
<engineerTo>
<item key="FB1D4651-DB5A-A48B-0CE7-70F3D73FDF47" value="true"/>
</engineerTo>
<referedAttribute>1BAFC679-1FD6-E5ED-8A62-8A3DF7B4759B</referedAttribute>
<useDomainConstraints>false</useDomainConstraints>
<use>1</use>
<logicalDatatype>LOGDT011</logicalDatatype>
<ownDataTypeParameters>,,</ownDataTypeParameters>
</Attribute>
</attributes>
<identifiers itemClass="oracle.dbtools.crest.model.design.logical.CandidateKey">
<identifier id="DA3E7979-04DC-72AC-C239-30D017A0D844" name="CESTUJICI PK">
<createdBy>litvaluk</createdBy>
<createdTime>2018-03-14 12:57:27 UTC</createdTime>
<ownerDesignName>vds</ownerDesignName>
<shouldEngineer>false</shouldEngineer>
<engineerTo>
<item key="FB1D4651-DB5A-A48B-0CE7-70F3D73FDF47" value="false"/>
</engineerTo>
<pk>true</pk>
<usedAttributes>
<attributeRef>0FB15B01-A267-C286-F347-A8F4D120D2C9</attributeRef>
</usedAttributes>
</identifier>
</identifiers>
</Entity>