<?xml version = '1.0' encoding = 'UTF-8'?>
<Entity class="oracle.dbtools.crest.model.design.logical.Entity" directorySegmentName="seg_0" id="A1C5F5D6-889E-3BBD-5B3C-0B587B85A671" name="SEKTOR">
<createdBy>litvaluk</createdBy>
<createdTime>2018-03-14 12:54:57 UTC</createdTime>
<ownerDesignName>vds</ownerDesignName>
<engineerTo>
<item key="FB1D4651-DB5A-A48B-0CE7-70F3D73FDF47" value="true"/>
</engineerTo>
<adequatelyNormalized>NO</adequatelyNormalized>
<expectedVolumes>0</expectedVolumes>
<fwdEngineeringStrategyName>Single Table</fwdEngineeringStrategyName>
<growthPercent>0</growthPercent>
<growthType>Year</growthType>
<maxVolumes>9999999</maxVolumes>
<minVolumes>0</minVolumes>
<normalForm>Third</normalForm>
<attributes itemClass="oracle.dbtools.crest.model.design.logical.Attribute">
<Attribute name="SEKTOR_KEY" id="E460E2A1-D8B8-7051-8B70-231BC7D91C7C">
<createdBy>litvaluk</createdBy>
<createdTime>2018-03-14 13:16:00 UTC</createdTime>
<ownerDesignName>vds</ownerDesignName>
<engineerTo>
<item key="FB1D4651-DB5A-A48B-0CE7-70F3D73FDF47" value="true"/>
</engineerTo>
<useDomainConstraints>false</useDomainConstraints>
<use>1</use>
<logicalDatatype>LOGDT011</logicalDatatype>
<ownDataTypeParameters>,,</ownDataTypeParameters>
</Attribute>
<Attribute name="NAZEV" id="68BCE246-66D8-53F8-06C9-0A06B4D19BAF">
<createdBy>litvaluk</createdBy>
<createdTime>2018-03-14 13:16:25 UTC</createdTime>
<ownerDesignName>vds</ownerDesignName>
<engineerTo>
<item key="FB1D4651-DB5A-A48B-0CE7-70F3D73FDF47" value="true"/>
</engineerTo>
<useDomainConstraints>false</useDomainConstraints>
<use>1</use>
<logicalDatatype>LOGDT024</logicalDatatype>
<dataTypeSize>50</dataTypeSize>
<ownDataTypeParameters>50,,</ownDataTypeParameters>
</Attribute>
</attributes>
<identifiers itemClass="oracle.dbtools.crest.model.design.logical.CandidateKey">
<identifier id="FC731A46-9078-53A6-BCCA-66228B864473" name="SEKTOR PK">
<createdBy>litvaluk</createdBy>
<createdTime>2018-03-14 13:16:14 UTC</createdTime>
<ownerDesignName>vds</ownerDesignName>
<engineerTo>
<item key="FB1D4651-DB5A-A48B-0CE7-70F3D73FDF47" value="true"/>
</engineerTo>
<pk>true</pk>
<usedAttributes>
<attributeRef>E460E2A1-D8B8-7051-8B70-231BC7D91C7C</attributeRef>
</usedAttributes>
</identifier>
<identifier id="B8FFC233-22A9-8AC1-C3CA-94D33BB7F8B0" name="NAZEV">
<createdBy>litvaluk</createdBy>
<createdTime>2018-03-16 17:04:48 UTC</createdTime>
<ownerDesignName>vds</ownerDesignName>
<engineerTo>
<item key="FB1D4651-DB5A-A48B-0CE7-70F3D73FDF47" value="true"/>
</engineerTo>
<newElementsIDs>68BCE246-66D8-53F8-06C9-0A06B4D19BAF</newElementsIDs>
<usedAttributes>
<attributeRef>68BCE246-66D8-53F8-06C9-0A06B4D19BAF</attributeRef>
</usedAttributes>
</identifier>
</identifiers>
</Entity>