<?xml version = '1.0' encoding = 'UTF-8'?>
<Entity class="oracle.dbtools.crest.model.design.logical.Entity" directorySegmentName="seg_0" id="CEAF0058-2ADC-AA55-BBC1-1F219B014118" name="LET">
<createdBy>litvaluk</createdBy>
<createdTime>2018-03-14 12:43:23 UTC</createdTime>
<ownerDesignName>vds</ownerDesignName>
<shouldEngineer>false</shouldEngineer>
<engineerTo>
<item key="91AE957C-4D41-EF17-E8DC-570D79E1DFEE" value="false"/>
</engineerTo>
<adequatelyNormalized>NO</adequatelyNormalized>
<expectedVolumes>0</expectedVolumes>
<fwdEngineeringStrategyName>Single Table</fwdEngineeringStrategyName>
<growthPercent>0</growthPercent>
<growthType>Year</growthType>
<maxVolumes>9999999</maxVolumes>
<minVolumes>0</minVolumes>
<normalForm>Third</normalForm>
<generateDiscrimColumn>true</generateDiscrimColumn>
<completeSubtypes>true</completeSubtypes>
<attributes itemClass="oracle.dbtools.crest.model.design.logical.Attribute">
<Attribute name="LET_KEY" id="2D27E36C-B9B4-E98A-8B9F-11CB5E8E8B34">
<createdBy>litvaluk</createdBy>
<createdTime>2018-03-14 13:24:15 UTC</createdTime>
<ownerDesignName>vds</ownerDesignName>
<engineerTo>
<item key="91AE957C-4D41-EF17-E8DC-570D79E1DFEE" value="true"/>
</engineerTo>
<useDomainConstraints>false</useDomainConstraints>
<use>1</use>
<logicalDatatype>LOGDT011</logicalDatatype>
<ownDataTypeParameters>,,</ownDataTypeParameters>
</Attribute>
<Attribute name="STANICE_KEY" id="52EECC98-C304-2D18-1E12-417C456BAE32">
<createdBy>litvaluk</createdBy>
<createdTime>2018-03-14 13:41:42 UTC</createdTime>
<generatorID>F0E59311-124A-D830-995B-4E32085B1E7A</generatorID>
<ownerDesignName>vds</ownerDesignName>
<engineerTo>
<item key="91AE957C-4D41-EF17-E8DC-570D79E1DFEE" value="true"/>
</engineerTo>
<referedAttribute>A3640D19-7B78-8C3E-2BE0-6607B79175E0</referedAttribute>
<useDomainConstraints>false</useDomainConstraints>
<use>1</use>
<logicalDatatype>LOGDT011</logicalDatatype>
<ownDataTypeParameters>,,</ownDataTypeParameters>
</Attribute>
<Attribute name="STANICE_KEY1" id="CD612386-C257-0CF6-BCC6-D3832C2E6017">
<createdBy>litvaluk</createdBy>
<createdTime>2018-03-14 13:43:28 UTC</createdTime>
<generatorID>F06498D9-AC84-4AD5-050A-C931DE324EF0</generatorID>
<ownerDesignName>vds</ownerDesignName>
<engineerTo>
<item key="91AE957C-4D41-EF17-E8DC-570D79E1DFEE" value="true"/>
</engineerTo>
<referedAttribute>A3640D19-7B78-8C3E-2BE0-6607B79175E0</referedAttribute>
<useDomainConstraints>false</useDomainConstraints>
<use>1</use>
<logicalDatatype>LOGDT011</logicalDatatype>
<ownDataTypeParameters>,,</ownDataTypeParameters>
</Attribute>
<Attribute name="ZAMESTANEC_KEY" id="286DD0BE-A8FC-B395-7750-035A05366361">
<createdBy>litvaluk</createdBy>
<createdTime>2018-03-16 16:39:49 UTC</createdTime>
<generatorID>AC9C569D-4AD5-E909-D1C4-B8153F825FCD</generatorID>
<ownerDesignName>vds</ownerDesignName>
<engineerTo>
<item key="91AE957C-4D41-EF17-E8DC-570D79E1DFEE" value="true"/>
</engineerTo>
<referedAttribute>908FF031-0218-BF77-4FC1-41D82D7D2C45</referedAttribute>
<useDomainConstraints>false</useDomainConstraints>
<use>1</use>
<logicalDatatype>LOGDT011</logicalDatatype>
<ownDataTypeParameters>,,</ownDataTypeParameters>
</Attribute>
<Attribute name="LOD_KEY" id="FCFF55B6-1F4C-F94B-40B3-11F7D9E5A24C">
<createdBy>litvaluk</createdBy>
<createdTime>2018-03-16 16:50:41 UTC</createdTime>
<generatorID>4C2C1FCD-43F1-3083-E336-219859E1B0F2</generatorID>
<ownerDesignName>vds</ownerDesignName>
<engineerTo>
<item key="91AE957C-4D41-EF17-E8DC-570D79E1DFEE" value="true"/>
</engineerTo>
<referedAttribute>3A44AAF7-F232-50DB-FE8A-2E6B916806BB</referedAttribute>
<useDomainConstraints>false</useDomainConstraints>
<use>1</use>
<logicalDatatype>LOGDT011</logicalDatatype>
<ownDataTypeParameters>,,</ownDataTypeParameters>
</Attribute>
<Attribute name="KOD_LETU" id="63180B77-FF08-A203-E0DC-8872D3B10248">
<createdBy>litvaluk</createdBy>
<createdTime>2018-03-20 10:47:15 UTC</createdTime>
<ownerDesignName>vds</ownerDesignName>
<engineerTo>
<item key="91AE957C-4D41-EF17-E8DC-570D79E1DFEE" value="true"/>
</engineerTo>
<useDomainConstraints>false</useDomainConstraints>
<use>1</use>
<logicalDatatype>LOGDT024</logicalDatatype>
<dataTypeSize>20 CHAR</dataTypeSize>
<ownDataTypeParameters>20 CHAR,,</ownDataTypeParameters>
</Attribute>
<Attribute name="PILOT_KEY" id="F764CDDE-3482-1438-85A9-49FF4202B01E">
<createdBy>litvaluk</createdBy>
<createdTime>2018-03-20 10:56:01 UTC</createdTime>
<generatorID>AC9C569D-4AD5-E909-D1C4-B8153F825FCD</generatorID>
<ownerDesignName>vds</ownerDesignName>
<engineerTo>
<item key="91AE957C-4D41-EF17-E8DC-570D79E1DFEE" value="true"/>
</engineerTo>
<referedAttribute>70589472-26B9-6C9A-E544-E1F6E4B3B7FF</referedAttribute>
<useDomainConstraints>false</useDomainConstraints>
<use>1</use>
<logicalDatatype>LOGDT011</logicalDatatype>
<ownDataTypeParameters>,,</ownDataTypeParameters>
</Attribute>
</attributes>
<identifiers itemClass="oracle.dbtools.crest.model.design.logical.CandidateKey">
<identifier id="B77C0642-6515-9FA0-36AF-3FF430639BBE" name="LET PK">
<createdBy>litvaluk</createdBy>
<createdTime>2018-03-14 13:24:26 UTC</createdTime>
<ownerDesignName>vds</ownerDesignName>
<engineerTo>
<item key="91AE957C-4D41-EF17-E8DC-570D79E1DFEE" value="true"/>
</engineerTo>
<pk>true</pk>
<usedAttributes>
<attributeRef>2D27E36C-B9B4-E98A-8B9F-11CB5E8E8B34</attributeRef>
</usedAttributes>
</identifier>
<identifier id="F3991ACB-DB26-8CE5-54A7-46914135E3B0" name="KOD_LETU">
<createdBy>litvaluk</createdBy>
<createdTime>2018-03-20 12:16:48 UTC</createdTime>
<ownerDesignName>vds</ownerDesignName>
<engineerTo>
<item key="91AE957C-4D41-EF17-E8DC-570D79E1DFEE" value="true"/>
</engineerTo>
<newElementsIDs>63180B77-FF08-A203-E0DC-8872D3B10248</newElementsIDs>
<usedAttributes>
<attributeRef>63180B77-FF08-A203-E0DC-8872D3B10248</attributeRef>
</usedAttributes>
</identifier>
</identifiers>
</Entity>