<?xml version = '1.0' encoding = 'UTF-8'?>
<Entity class="oracle.dbtools.crest.model.design.logical.Entity" directorySegmentName="seg_0" id="CEF06A16-E1F4-EE6C-5CB2-FDFAB2E44537" name="MECHANIK">
<createdBy>litvaluk</createdBy>
<createdTime>2018-03-14 12:47:32 UTC</createdTime>
<ownerDesignName>vds</ownerDesignName>
<engineerTo>
<item key="91AE957C-4D41-EF17-E8DC-570D79E1DFEE" value="true"/>
</engineerTo>
<adequatelyNormalized>NO</adequatelyNormalized>
<expectedVolumes>0</expectedVolumes>
<fwdEngineeringStrategyName>Single Table</fwdEngineeringStrategyName>
<growthPercent>0</growthPercent>
<growthType>Year</growthType>
<maxVolumes>9999999</maxVolumes>
<minVolumes>0</minVolumes>
<normalForm>Third</normalForm>
<attributes itemClass="oracle.dbtools.crest.model.design.logical.Attribute">
<Attribute name="MECHANIK_KEY" id="201956D5-A9B1-17BA-5322-EFF10FCD3A1B">
<createdBy>litvaluk</createdBy>
<createdTime>2018-03-20 10:55:09 UTC</createdTime>
<ownerDesignName>vds</ownerDesignName>
<engineerTo>
<item key="91AE957C-4D41-EF17-E8DC-570D79E1DFEE" value="true"/>
</engineerTo>
<useDomainConstraints>false</useDomainConstraints>
<use>1</use>
<logicalDatatype>LOGDT011</logicalDatatype>
<ownDataTypeParameters>,,</ownDataTypeParameters>
</Attribute>
<Attribute name="ZAMESTANEC_KEY" id="D9542B0A-12AD-5308-C338-10BE0E015348">
<createdBy>litvaluk</createdBy>
<createdTime>2018-03-14 13:46:58 UTC</createdTime>
<generatorID>34ACA844-F1EE-953D-EDE4-4D19DD402169</generatorID>
<ownerDesignName>vds</ownerDesignName>
<engineerTo>
<item key="91AE957C-4D41-EF17-E8DC-570D79E1DFEE" value="true"/>
</engineerTo>
<referedAttribute>299AC2C6-3A64-7B35-5AF4-065AE46CCD3B</referedAttribute>
<useDomainConstraints>false</useDomainConstraints>
<use>1</use>
<logicalDatatype>LOGDT011</logicalDatatype>
<ownDataTypeParameters>,,</ownDataTypeParameters>
</Attribute>
<Attribute name="ZAMERENI" id="C9713DEA-03CC-C8BE-B0F7-77040A942AE1">
<createdBy>litvaluk</createdBy>
<createdTime>2018-03-16 17:23:53 UTC</createdTime>
<ownerDesignName>vds</ownerDesignName>
<engineerTo>
<item key="91AE957C-4D41-EF17-E8DC-570D79E1DFEE" value="true"/>
</engineerTo>
<nullsAllowed>true</nullsAllowed>
<useDomainConstraints>false</useDomainConstraints>
<use>1</use>
<logicalDatatype>LOGDT024</logicalDatatype>
<dataTypeSize>20 CHAR</dataTypeSize>
<ownDataTypeParameters>20 CHAR,,</ownDataTypeParameters>
</Attribute>
</attributes>
<identifiers itemClass="oracle.dbtools.crest.model.design.logical.CandidateKey">
<identifier id="73A32874-B96A-561D-4761-D573E8DAFCFA" name="MECHANIK PK">
<createdBy>litvaluk</createdBy>
<createdTime>2018-03-14 13:46:58 UTC</createdTime>
<ownerDesignName>vds</ownerDesignName>
<engineerTo>
<item key="91AE957C-4D41-EF17-E8DC-570D79E1DFEE" value="true"/>
</engineerTo>
<pk>true</pk>
<usedAttributes>
<attributeRef>D9542B0A-12AD-5308-C338-10BE0E015348</attributeRef>
<attributeRef>201956D5-A9B1-17BA-5322-EFF10FCD3A1B</attributeRef>
</usedAttributes>
</identifier>
</identifiers>
</Entity>