<?xml version = '1.0' encoding = 'UTF-8'?>
<Entity class="oracle.dbtools.crest.model.design.logical.Entity" directorySegmentName="seg_0" id="D0174A01-A169-17CD-F86E-A4B2ACBC8AE7" name="ZAMESTNANEC">
<createdBy>litvaluk</createdBy>
<createdTime>2018-03-14 12:55:22 UTC</createdTime>
<ownerDesignName>vds</ownerDesignName>
<engineerTo>
<item key="91AE957C-4D41-EF17-E8DC-570D79E1DFEE" value="true"/>
</engineerTo>
<adequatelyNormalized>NO</adequatelyNormalized>
<expectedVolumes>0</expectedVolumes>
<fwdEngineeringStrategyName>Single Table</fwdEngineeringStrategyName>
<growthPercent>0</growthPercent>
<growthType>Year</growthType>
<maxVolumes>9999999</maxVolumes>
<minVolumes>0</minVolumes>
<normalForm>Third</normalForm>
<attributes itemClass="oracle.dbtools.crest.model.design.logical.Attribute">
<Attribute name="ZAMESTANEC_KEY" id="299AC2C6-3A64-7B35-5AF4-065AE46CCD3B">
<createdBy>litvaluk</createdBy>
<createdTime>2018-03-14 13:25:34 UTC</createdTime>
<ownerDesignName>vds</ownerDesignName>
<engineerTo>
<item key="91AE957C-4D41-EF17-E8DC-570D79E1DFEE" value="true"/>
</engineerTo>
<useDomainConstraints>false</useDomainConstraints>
<use>1</use>
<logicalDatatype>LOGDT011</logicalDatatype>
<ownDataTypeParameters>,,</ownDataTypeParameters>
</Attribute>
<Attribute name="JMENO" id="474854BC-1F0B-84C5-C1D6-EA5F3B544402">
<createdBy>litvaluk</createdBy>
<createdTime>2018-03-16 17:09:06 UTC</createdTime>
<ownerDesignName>vds</ownerDesignName>
<engineerTo>
<item key="91AE957C-4D41-EF17-E8DC-570D79E1DFEE" value="true"/>
</engineerTo>
<useDomainConstraints>false</useDomainConstraints>
<use>1</use>
<logicalDatatype>LOGDT024</logicalDatatype>
<dataTypeSize>30</dataTypeSize>
<ownDataTypeParameters>30,,</ownDataTypeParameters>
</Attribute>
<Attribute name="PRIJMENI" id="9F622BAD-B331-8FE1-3BA1-0D70B2AAC10F">
<createdBy>litvaluk</createdBy>
<createdTime>2018-03-16 17:09:36 UTC</createdTime>
<ownerDesignName>vds</ownerDesignName>
<engineerTo>
<item key="91AE957C-4D41-EF17-E8DC-570D79E1DFEE" value="true"/>
</engineerTo>
<useDomainConstraints>false</useDomainConstraints>
<use>1</use>
<logicalDatatype>LOGDT024</logicalDatatype>
<dataTypeSize>30</dataTypeSize>
<ownDataTypeParameters>30,,</ownDataTypeParameters>
</Attribute>
<Attribute name="DATUM_NAROZENI" id="6FFF5E5A-CCB5-D9FF-986A-883B598CA66D">
<createdBy>litvaluk</createdBy>
<createdTime>2018-03-16 17:11:29 UTC</createdTime>
<ownerDesignName>vds</ownerDesignName>
<engineerTo>
<item key="91AE957C-4D41-EF17-E8DC-570D79E1DFEE" value="true"/>
</engineerTo>
<nullsAllowed>true</nullsAllowed>
<useDomainConstraints>false</useDomainConstraints>
<use>1</use>
<logicalDatatype>LOGDT007</logicalDatatype>
<ownDataTypeParameters>,,</ownDataTypeParameters>
</Attribute>
</attributes>
<identifiers itemClass="oracle.dbtools.crest.model.design.logical.CandidateKey">
<identifier id="3D6FFD18-D99B-5FF6-FBED-6AEC60558AE6" name="ZAMESTNANEC PK">
<createdBy>litvaluk</createdBy>
<createdTime>2018-03-14 13:25:44 UTC</createdTime>
<ownerDesignName>vds</ownerDesignName>
<engineerTo>
<item key="91AE957C-4D41-EF17-E8DC-570D79E1DFEE" value="true"/>
</engineerTo>
<pk>true</pk>
<usedAttributes>
<attributeRef>299AC2C6-3A64-7B35-5AF4-065AE46CCD3B</attributeRef>
</usedAttributes>
</identifier>
</identifiers>
</Entity>