<?xml version = '1.0' encoding = 'UTF-8'?>
<Entity class="oracle.dbtools.crest.model.design.logical.Entity" directorySegmentName="seg_0" id="DE27F636-4353-D6E4-7B3C-E0DDBCEE2513" name="REDITEL">
<createdBy>litvaluk</createdBy>
<createdTime>2018-03-14 12:55:33 UTC</createdTime>
<ownerDesignName>vds</ownerDesignName>
<engineerTo>
<item key="91AE957C-4D41-EF17-E8DC-570D79E1DFEE" value="true"/>
</engineerTo>
<adequatelyNormalized>NO</adequatelyNormalized>
<expectedVolumes>0</expectedVolumes>
<fwdEngineeringStrategyName>Single Table</fwdEngineeringStrategyName>
<growthPercent>0</growthPercent>
<growthType>Year</growthType>
<maxVolumes>9999999</maxVolumes>
<minVolumes>0</minVolumes>
<normalForm>Third</normalForm>
<attributes itemClass="oracle.dbtools.crest.model.design.logical.Attribute">
<Attribute name="REDITEL_KEY" id="1BAE0911-49B5-AFB7-816E-C7D7F19063D6">
<createdBy>litvaluk</createdBy>
<createdTime>2018-03-20 10:56:11 UTC</createdTime>
<ownerDesignName>vds</ownerDesignName>
<engineerTo>
<item key="91AE957C-4D41-EF17-E8DC-570D79E1DFEE" value="true"/>
</engineerTo>
<useDomainConstraints>false</useDomainConstraints>
<use>1</use>
<logicalDatatype>LOGDT011</logicalDatatype>
<ownDataTypeParameters>,,</ownDataTypeParameters>
</Attribute>
<Attribute name="ZAMESTANEC_KEY" id="435358BA-472F-F1D5-8906-E2968DB67280">
<createdBy>litvaluk</createdBy>
<createdTime>2018-03-14 13:47:24 UTC</createdTime>
<generatorID>2F796C4D-A35F-E991-6F32-147987F80012</generatorID>
<ownerDesignName>vds</ownerDesignName>
<engineerTo>
<item key="91AE957C-4D41-EF17-E8DC-570D79E1DFEE" value="true"/>
</engineerTo>
<referedAttribute>299AC2C6-3A64-7B35-5AF4-065AE46CCD3B</referedAttribute>
<useDomainConstraints>false</useDomainConstraints>
<use>1</use>
<logicalDatatype>LOGDT011</logicalDatatype>
<ownDataTypeParameters>,,</ownDataTypeParameters>
</Attribute>
</attributes>
<identifiers itemClass="oracle.dbtools.crest.model.design.logical.CandidateKey">
<identifier id="219DF6CF-0463-71D0-DF27-AC14753A6704" name="REDITEL PK">
<createdBy>litvaluk</createdBy>
<createdTime>2018-03-14 13:47:24 UTC</createdTime>
<ownerDesignName>vds</ownerDesignName>
<engineerTo>
<item key="91AE957C-4D41-EF17-E8DC-570D79E1DFEE" value="true"/>
</engineerTo>
<pk>true</pk>
<usedAttributes>
<attributeRef>435358BA-472F-F1D5-8906-E2968DB67280</attributeRef>
<attributeRef>1BAE0911-49B5-AFB7-816E-C7D7F19063D6</attributeRef>
</usedAttributes>
</identifier>
</identifiers>
</Entity>