<?xml version = '1.0' encoding = 'UTF-8'?>
<Entity class="oracle.dbtools.crest.model.design.logical.Entity" directorySegmentName="seg_0" id="F5BA01A7-5031-B64B-32C0-338571B20EE1" name="STANICE">
<createdBy>litvaluk</createdBy>
<createdTime>2018-03-14 12:53:23 UTC</createdTime>
<ownerDesignName>vds</ownerDesignName>
<engineerTo>
<item key="FB1D4651-DB5A-A48B-0CE7-70F3D73FDF47" value="true"/>
</engineerTo>
<adequatelyNormalized>NO</adequatelyNormalized>
<expectedVolumes>0</expectedVolumes>
<fwdEngineeringStrategyName>Single Table</fwdEngineeringStrategyName>
<growthPercent>0</growthPercent>
<growthType>Year</growthType>
<maxVolumes>9999999</maxVolumes>
<minVolumes>0</minVolumes>
<normalForm>Third</normalForm>
<attributes itemClass="oracle.dbtools.crest.model.design.logical.Attribute">
<Attribute name="STANICE_KEY" id="A3640D19-7B78-8C3E-2BE0-6607B79175E0">
<createdBy>litvaluk</createdBy>
<createdTime>2018-03-14 13:16:42 UTC</createdTime>
<ownerDesignName>vds</ownerDesignName>
<engineerTo>
<item key="FB1D4651-DB5A-A48B-0CE7-70F3D73FDF47" value="true"/>
</engineerTo>
<useDomainConstraints>false</useDomainConstraints>
<use>1</use>
<logicalDatatype>LOGDT011</logicalDatatype>
<ownDataTypeParameters>,,</ownDataTypeParameters>
</Attribute>
<Attribute name="PLANETA_KEY" id="D682C1EF-8361-DC52-79CD-EBD8F3F08730">
<createdBy>litvaluk</createdBy>
<createdTime>2018-03-14 13:41:07 UTC</createdTime>
<generatorID>8CB4E762-AC29-95AD-578B-9CAD875875A2</generatorID>
<ownerDesignName>vds</ownerDesignName>
<engineerTo>
<item key="FB1D4651-DB5A-A48B-0CE7-70F3D73FDF47" value="true"/>
</engineerTo>
<referedAttribute>1BAFC679-1FD6-E5ED-8A62-8A3DF7B4759B</referedAttribute>
<useDomainConstraints>false</useDomainConstraints>
<use>1</use>
<logicalDatatype>LOGDT011</logicalDatatype>
<ownDataTypeParameters>,,</ownDataTypeParameters>
</Attribute>
<Attribute name="NAZEV" id="38692C5D-D47F-6051-09FD-05E13A50EBE0">
<createdBy>litvaluk</createdBy>
<createdTime>2018-03-16 17:03:05 UTC</createdTime>
<ownerDesignName>vds</ownerDesignName>
<engineerTo>
<item key="FB1D4651-DB5A-A48B-0CE7-70F3D73FDF47" value="true"/>
</engineerTo>
<useDomainConstraints>false</useDomainConstraints>
<use>1</use>
<logicalDatatype>LOGDT024</logicalDatatype>
<dataTypeSize>30</dataTypeSize>
<ownDataTypeParameters>30,,</ownDataTypeParameters>
</Attribute>
<Attribute name="POCET_DOKU" id="943DBAE2-DA86-7D57-85BB-F320E3536A95">
<createdBy>litvaluk</createdBy>
<createdTime>2018-03-16 17:22:18 UTC</createdTime>
<ownerDesignName>vds</ownerDesignName>
<engineerTo>
<item key="FB1D4651-DB5A-A48B-0CE7-70F3D73FDF47" value="true"/>
</engineerTo>
<nullsAllowed>true</nullsAllowed>
<useDomainConstraints>false</useDomainConstraints>
<use>1</use>
<logicalDatatype>LOGDT011</logicalDatatype>
<ownDataTypeParameters>,,</ownDataTypeParameters>
</Attribute>
</attributes>
<identifiers itemClass="oracle.dbtools.crest.model.design.logical.CandidateKey">
<identifier id="B6BE64B7-8D4A-EA36-B3CC-55929A665F0C" name="STANICE PK">
<createdBy>litvaluk</createdBy>
<createdTime>2018-03-14 13:16:54 UTC</createdTime>
<ownerDesignName>vds</ownerDesignName>
<engineerTo>
<item key="FB1D4651-DB5A-A48B-0CE7-70F3D73FDF47" value="true"/>
</engineerTo>
<pk>true</pk>
<usedAttributes>
<attributeRef>A3640D19-7B78-8C3E-2BE0-6607B79175E0</attributeRef>
</usedAttributes>
</identifier>
<identifier id="E35E97A2-6B5C-B913-005E-8D650CD743C0" name="NAZEV">
<createdBy>litvaluk</createdBy>
<createdTime>2018-03-16 17:03:19 UTC</createdTime>
<ownerDesignName>vds</ownerDesignName>
<engineerTo>
<item key="FB1D4651-DB5A-A48B-0CE7-70F3D73FDF47" value="true"/>
</engineerTo>
<newElementsIDs>38692C5D-D47F-6051-09FD-05E13A50EBE0</newElementsIDs>
<usedAttributes>
<attributeRef>38692C5D-D47F-6051-09FD-05E13A50EBE0</attributeRef>
</usedAttributes>
</identifier>
</identifiers>
</Entity>