<?xml version = '1.0' encoding = 'UTF-8'?>
<InheritanceRelation class="oracle.dbtools.crest.model.design.logical.InheritanceRelation" name="Hierarchy_2" directorySegmentName="seg_0" id="4DA6EB7D-2005-5C52-59E6-A0ADC008A35E">
<createdBy>litvaluk</createdBy>
<createdTime>2018-03-14 13:31:50 UTC</createdTime>
<ownerDesignName>vds</ownerDesignName>
<engineerTo>
<item key="FB1D4651-DB5A-A48B-0CE7-70F3D73FDF47" value="true"/>
</engineerTo>
<identifying>false</identifying>
<nameOnSource>Super Type</nameOnSource>
<nameOnTarget>Sub Type</nameOnTarget>
<optionalSource>true</optionalSource>
<optionalTarget>true</optionalTarget>
<sourceEntity>CEAF0058-2ADC-AA55-BBC1-1F219B014118</sourceEntity>
<targetEntity>71AE883A-741F-7C9B-7C40-1A660B439414</targetEntity>
<transferable>true</transferable>
<deleteRule>NO ACTION</deleteRule>
</InheritanceRelation>