<?xml version = '1.0' encoding = 'UTF-8'?>
<FKIndexAssociation class="oracle.dbtools.crest.model.design.relational.FKIndexAssociation" directorySegmentName="seg_0" id="0072533E-E5DA-2ABF-6465-E49ED60CD1BC" containerWithKeyObject="0F89B137-3189-D580-E60C-B0AEE07CE402" localFKIndex="10AFCA2E-1D2B-1385-9057-5286A0B30E63" name="Relation_17_LOD_FK">
<createdBy>litvaluk</createdBy>
<createdTime>2018-04-10 09:47:10 UTC</createdTime>
<generatorID>349C3707-E74C-619D-EB03-AA9942059788</generatorID>
<ownerDesignName>vds</ownerDesignName>
<referredTableLongName>LOD</referredTableLongName>
<deleteRule>NO ACTION</deleteRule>
<referredTableID>B526C8B3-3EBD-9F26-7FC0-D69776891E74</referredTableID>
<keyObject>0BE12F30-6C07-5773-14C1-601F3C80E7C3</keyObject>
<referredKeyID>0BE12F30-6C07-5773-14C1-601F3C80E7C3</referredKeyID>
<mandatory>true</mandatory>
<refColNames>LOD_KEY</refColNames>
<transferable>true</transferable>
<rely>false</rely>
<columnDependencyConstraintGenerateInDDL>true</columnDependencyConstraintGenerateInDDL>
</FKIndexAssociation>