<?xml version = '1.0' encoding = 'UTF-8'?>
<FKIndexAssociation class="oracle.dbtools.crest.model.design.relational.FKIndexAssociation" directorySegmentName="seg_0" id="09C5D511-B146-0EA3-4B9D-4DCD0362030C" containerWithKeyObject="D62038A5-6F74-8F4C-982A-DF04809CF526" localFKIndex="7B922371-4097-2428-9B78-3A6A726CD0B8" name="NAKLADNI_PILOT_FK">
<createdBy>litvaluk</createdBy>
<createdTime>2018-04-10 09:47:10 UTC</createdTime>
<generatorID>AC9C569D-4AD5-E909-D1C4-B8153F825FCD</generatorID>
<ownerDesignName>vds</ownerDesignName>
<referredTableLongName>PILOT</referredTableLongName>
<deleteRule>NO ACTION</deleteRule>
<referredTableID>52DE44D8-4A74-7A80-2F33-7593A7DBE87D</referredTableID>
<keyObject>0F77B4FF-8DDF-4406-A089-FE1A520668F8</keyObject>
<referredKeyID>0F77B4FF-8DDF-4406-A089-FE1A520668F8</referredKeyID>
<mandatory>true</mandatory>
<refColNames>ZAMESTNANEC_ZAM_KEY,PILOT_KEY</refColNames>
<transferable>true</transferable>
<rely>false</rely>
<columnDependencyConstraintGenerateInDDL>true</columnDependencyConstraintGenerateInDDL>
</FKIndexAssociation>