<?xml version = '1.0' encoding = 'UTF-8'?>
<FKIndexAssociation class="oracle.dbtools.crest.model.design.relational.FKIndexAssociation" directorySegmentName="seg_0" id="175A00B0-FE64-7680-0D10-255805E537DC" containerWithKeyObject="D62038A5-6F74-8F4C-982A-DF04809CF526" localFKIndex="F4604EEE-D2E0-55E8-2418-26F5E99EF4CB" name="NAKLADNI_STANICE_FKv2">
<createdBy>litvaluk</createdBy>
<createdTime>2018-04-10 09:47:10 UTC</createdTime>
<generatorID>F06498D9-AC84-4AD5-050A-C931DE324EF0</generatorID>
<ownerDesignName>vds</ownerDesignName>
<referredTableLongName>STANICE</referredTableLongName>
<deleteRule>NO ACTION</deleteRule>
<referredTableID>92702B22-E0D4-2883-7762-A14973CE11F3</referredTableID>
<keyObject>E2EDAC39-D1BD-1B66-7DD4-EE9F70B58968</keyObject>
<referredKeyID>E2EDAC39-D1BD-1B66-7DD4-EE9F70B58968</referredKeyID>
<mandatory>true</mandatory>
<refColNames>STANICE_KEY</refColNames>
<transferable>true</transferable>
<rely>false</rely>
<columnDependencyConstraintGenerateInDDL>true</columnDependencyConstraintGenerateInDDL>
</FKIndexAssociation>