<?xml version = '1.0' encoding = 'UTF-8'?>
<FKIndexAssociation class="oracle.dbtools.crest.model.design.relational.FKIndexAssociation" directorySegmentName="seg_0" id="23A967E5-98DC-F8B0-E85D-70BD2B9B7DDD" containerWithKeyObject="999865F2-4369-B73E-64AA-8FD46C895196" localFKIndex="77BC8E93-A684-DB1C-14B7-A0CF257C66E2" name="CESTUJICI_PLANETA_FK">
<createdBy>litvaluk</createdBy>
<createdTime>2018-04-10 09:47:10 UTC</createdTime>
<generatorID>EE7B3234-D516-CED4-73BC-2FA3ACAF245D</generatorID>
<ownerDesignName>vds</ownerDesignName>
<referredTableLongName>PLANETA</referredTableLongName>
<deleteRule>NO ACTION</deleteRule>
<referredTableID>7CAE7A13-BADE-E036-8E53-C338F3A30D1F</referredTableID>
<keyObject>1A1127B6-7B3C-009E-B490-288875D34213</keyObject>
<referredKeyID>1A1127B6-7B3C-009E-B490-288875D34213</referredKeyID>
<mandatory>true</mandatory>
<refColNames>PLANETA_KEY</refColNames>
<transferable>true</transferable>
<rely>false</rely>
<columnDependencyConstraintGenerateInDDL>true</columnDependencyConstraintGenerateInDDL>
</FKIndexAssociation>