<?xml version = '1.0' encoding = 'UTF-8'?>
<FKIndexAssociation class="oracle.dbtools.crest.model.design.relational.FKIndexAssociation" directorySegmentName="seg_0" id="23D5E49C-D88D-8342-8823-6FDBD3D1F5D0" containerWithKeyObject="2159AE0F-43AA-D89D-1F01-44074BFBE7D0" localFKIndex="F3B60C8A-8663-C424-F09E-332CC7EA5D08" name="OSOBNI_PILOT_FK">
<createdBy>litvaluk</createdBy>
<createdTime>2018-04-10 09:47:10 UTC</createdTime>
<generatorID>AC9C569D-4AD5-E909-D1C4-B8153F825FCD</generatorID>
<ownerDesignName>vds</ownerDesignName>
<referredTableLongName>PILOT</referredTableLongName>
<deleteRule>NO ACTION</deleteRule>
<referredTableID>52DE44D8-4A74-7A80-2F33-7593A7DBE87D</referredTableID>
<keyObject>0F77B4FF-8DDF-4406-A089-FE1A520668F8</keyObject>
<referredKeyID>0F77B4FF-8DDF-4406-A089-FE1A520668F8</referredKeyID>
<mandatory>true</mandatory>
<refColNames>ZAMESTNANEC_ZAM_KEY,PILOT_KEY</refColNames>
<transferable>true</transferable>
<rely>false</rely>
<columnDependencyConstraintGenerateInDDL>true</columnDependencyConstraintGenerateInDDL>
</FKIndexAssociation>