<?xml version = '1.0' encoding = 'UTF-8'?>
<FKIndexAssociation class="oracle.dbtools.crest.model.design.relational.FKIndexAssociation" directorySegmentName="seg_0" id="3B289D37-3869-528B-D0C1-7AEF0E3DB943" containerWithKeyObject="D62038A5-6F74-8F4C-982A-DF04809CF526" localFKIndex="09129103-D9BE-9A6F-E76D-D014D06A5BDC" name="NAKLADNI_LOD_FK">
<createdBy>litvaluk</createdBy>
<createdTime>2018-04-10 09:47:10 UTC</createdTime>
<generatorID>4C2C1FCD-43F1-3083-E336-219859E1B0F2</generatorID>
<ownerDesignName>vds</ownerDesignName>
<referredTableLongName>LOD</referredTableLongName>
<deleteRule>NO ACTION</deleteRule>
<referredTableID>B526C8B3-3EBD-9F26-7FC0-D69776891E74</referredTableID>
<keyObject>0BE12F30-6C07-5773-14C1-601F3C80E7C3</keyObject>
<referredKeyID>0BE12F30-6C07-5773-14C1-601F3C80E7C3</referredKeyID>
<mandatory>true</mandatory>
<refColNames>LOD_KEY</refColNames>
<transferable>true</transferable>
<rely>false</rely>
<columnDependencyConstraintGenerateInDDL>true</columnDependencyConstraintGenerateInDDL>
</FKIndexAssociation>