<?xml version = '1.0' encoding = 'UTF-8'?>
<FKIndexAssociation class="oracle.dbtools.crest.model.design.relational.FKIndexAssociation" directorySegmentName="seg_0" id="458867F8-DEBF-CF25-CE73-0C0C9361F6D6" containerWithKeyObject="15F7F893-390A-A597-0968-27E828258C0A" localFKIndex="30E195AF-1087-28E0-F97B-515EB7F9088A" name="Relation_1_CESTUJICI_FK">
<createdBy>litvaluk</createdBy>
<createdTime>2018-04-10 09:47:10 UTC</createdTime>
<generatorID>EBF1D44D-83F1-90F9-1F4B-B90DD324EFB9</generatorID>
<ownerDesignName>vds</ownerDesignName>
<referredTableLongName>CESTUJICI</referredTableLongName>
<deleteRule>NO ACTION</deleteRule>
<referredTableID>999865F2-4369-B73E-64AA-8FD46C895196</referredTableID>
<keyObject>9A23254D-0720-BFF7-FEE6-C90AC9EA8BDA</keyObject>
<referredKeyID>9A23254D-0720-BFF7-FEE6-C90AC9EA8BDA</referredKeyID>
<mandatory>true</mandatory>
<refColNames>CESTUJICI_KEY</refColNames>
<transferable>true</transferable>
<rely>false</rely>
<columnDependencyConstraintGenerateInDDL>true</columnDependencyConstraintGenerateInDDL>
</FKIndexAssociation>