<?xml version = '1.0' encoding = 'UTF-8'?>
<FKIndexAssociation class="oracle.dbtools.crest.model.design.relational.FKIndexAssociation" directorySegmentName="seg_0" id="6A266554-2CB0-19BF-B25C-C3B2FEBE09DB" containerWithKeyObject="4B18469E-058B-E0AD-1E1B-70A26AD9EF0F" localFKIndex="43BB0D40-2602-2C84-2DF5-FC088ED0D954" name="REDITEL_ZAMESTNANEC_FK">
<createdBy>litvaluk</createdBy>
<createdTime>2018-04-10 09:47:10 UTC</createdTime>
<generatorID>2F796C4D-A35F-E991-6F32-147987F80012</generatorID>
<ownerDesignName>vds</ownerDesignName>
<referredTableLongName>ZAMESTNANEC</referredTableLongName>
<deleteRule>NO ACTION</deleteRule>
<referredTableID>545EC6FD-0EA3-0479-BE1F-B67476CB109E</referredTableID>
<keyObject>5D33C39D-DE36-04D0-4BFD-FAD97EFD38F2</keyObject>
<referredKeyID>5D33C39D-DE36-04D0-4BFD-FAD97EFD38F2</referredKeyID>
<mandatory>true</mandatory>
<refColNames>ZAM_KEY</refColNames>
<transferable>true</transferable>
<rely>false</rely>
<columnDependencyConstraintGenerateInDDL>true</columnDependencyConstraintGenerateInDDL>
</FKIndexAssociation>