<?xml version = '1.0' encoding = 'UTF-8'?>
<FKIndexAssociation class="oracle.dbtools.crest.model.design.relational.FKIndexAssociation" directorySegmentName="seg_0" id="807D1EC5-BD38-7493-E6EC-CC17CE27720F" containerWithKeyObject="15F7F893-390A-A597-0968-27E828258C0A" localFKIndex="027DE5BA-ADBE-20B0-D122-FC9382460A8F" name="Relation_1_OSOBNI_FK">
<createdBy>litvaluk</createdBy>
<createdTime>2018-04-10 09:47:10 UTC</createdTime>
<generatorID>EBF1D44D-83F1-90F9-1F4B-B90DD324EFB9</generatorID>
<ownerDesignName>vds</ownerDesignName>
<referredTableLongName>OSOBNI</referredTableLongName>
<deleteRule>NO ACTION</deleteRule>
<referredTableID>2159AE0F-43AA-D89D-1F01-44074BFBE7D0</referredTableID>
<keyObject>95F78C02-26E2-40E4-5629-CFA5DC0DBF11</keyObject>
<referredKeyID>95F78C02-26E2-40E4-5629-CFA5DC0DBF11</referredKeyID>
<mandatory>true</mandatory>
<refColNames>LET_KEY</refColNames>
<transferable>true</transferable>
<rely>false</rely>
<columnDependencyConstraintGenerateInDDL>true</columnDependencyConstraintGenerateInDDL>
</FKIndexAssociation>