<?xml version = '1.0' encoding = 'UTF-8'?>
<FKIndexAssociation class="oracle.dbtools.crest.model.design.relational.FKIndexAssociation" directorySegmentName="seg_0" id="8436B5A1-AA0D-8950-CBA7-C94DDB1E7F7A" containerWithKeyObject="92702B22-E0D4-2883-7762-A14973CE11F3" localFKIndex="C344C587-5AA6-46DD-7693-6536BC102ED5" name="STANICE_PLANETA_FK">
<createdBy>litvaluk</createdBy>
<createdTime>2018-04-10 09:47:10 UTC</createdTime>
<generatorID>8CB4E762-AC29-95AD-578B-9CAD875875A2</generatorID>
<ownerDesignName>vds</ownerDesignName>
<referredTableLongName>PLANETA</referredTableLongName>
<deleteRule>NO ACTION</deleteRule>
<referredTableID>7CAE7A13-BADE-E036-8E53-C338F3A30D1F</referredTableID>
<keyObject>1A1127B6-7B3C-009E-B490-288875D34213</keyObject>
<referredKeyID>1A1127B6-7B3C-009E-B490-288875D34213</referredKeyID>
<mandatory>true</mandatory>
<refColNames>PLANETA_KEY</refColNames>
<transferable>true</transferable>
<rely>false</rely>
<columnDependencyConstraintGenerateInDDL>true</columnDependencyConstraintGenerateInDDL>
</FKIndexAssociation>