<?xml version = '1.0' encoding = 'UTF-8'?>
<FKIndexAssociation class="oracle.dbtools.crest.model.design.relational.FKIndexAssociation" directorySegmentName="seg_0" id="8534B84E-C21B-DFEC-979C-6296EBF61635" containerWithKeyObject="2159AE0F-43AA-D89D-1F01-44074BFBE7D0" localFKIndex="52B8125F-7139-67B3-91D9-0E7DAEF70BF7" name="OSOBNI_STANICE_FK">
<createdBy>litvaluk</createdBy>
<createdTime>2018-04-10 09:47:10 UTC</createdTime>
<generatorID>F0E59311-124A-D830-995B-4E32085B1E7A</generatorID>
<ownerDesignName>vds</ownerDesignName>
<referredTableLongName>STANICE</referredTableLongName>
<deleteRule>NO ACTION</deleteRule>
<referredTableID>92702B22-E0D4-2883-7762-A14973CE11F3</referredTableID>
<keyObject>E2EDAC39-D1BD-1B66-7DD4-EE9F70B58968</keyObject>
<referredKeyID>E2EDAC39-D1BD-1B66-7DD4-EE9F70B58968</referredKeyID>
<mandatory>true</mandatory>
<refColNames>STANICE_KEY</refColNames>
<transferable>true</transferable>
<rely>false</rely>
<columnDependencyConstraintGenerateInDDL>true</columnDependencyConstraintGenerateInDDL>
</FKIndexAssociation>