<?xml version = '1.0' encoding = 'UTF-8'?>
<FKIndexAssociation class="oracle.dbtools.crest.model.design.relational.FKIndexAssociation" directorySegmentName="seg_0" id="9324CACE-07AB-30CC-0E32-96EE745C353C" containerWithKeyObject="52DE44D8-4A74-7A80-2F33-7593A7DBE87D" localFKIndex="175D5C8E-2A6D-1283-B14F-8D308F2B1558" name="PILOT_ZAMESTNANEC_FK">
<createdBy>litvaluk</createdBy>
<createdTime>2018-04-10 09:47:10 UTC</createdTime>
<generatorID>65ABDFB2-96C6-D31D-EA0A-ABFBB43206BE</generatorID>
<ownerDesignName>vds</ownerDesignName>
<referredTableLongName>ZAMESTNANEC</referredTableLongName>
<deleteRule>NO ACTION</deleteRule>
<referredTableID>545EC6FD-0EA3-0479-BE1F-B67476CB109E</referredTableID>
<keyObject>5D33C39D-DE36-04D0-4BFD-FAD97EFD38F2</keyObject>
<referredKeyID>5D33C39D-DE36-04D0-4BFD-FAD97EFD38F2</referredKeyID>
<mandatory>true</mandatory>
<refColNames>ZAM_KEY</refColNames>
<transferable>true</transferable>
<rely>false</rely>
<columnDependencyConstraintGenerateInDDL>true</columnDependencyConstraintGenerateInDDL>
</FKIndexAssociation>