<?xml version = '1.0' encoding = 'UTF-8'?>
<FKIndexAssociation class="oracle.dbtools.crest.model.design.relational.FKIndexAssociation" directorySegmentName="seg_0" id="B8097852-6687-7F5B-DC1F-9ACBE5B55858" containerWithKeyObject="B526C8B3-3EBD-9F26-7FC0-D69776891E74" localFKIndex="749ACD39-3029-3734-6F45-E0FF968442C9" name="LOD_MODEL_FK">
<createdBy>litvaluk</createdBy>
<createdTime>2018-04-10 09:47:10 UTC</createdTime>
<generatorID>EE0D62C9-85BC-5440-5240-0D6C0366BE9B</generatorID>
<ownerDesignName>vds</ownerDesignName>
<referredTableLongName>MODEL</referredTableLongName>
<deleteRule>NO ACTION</deleteRule>
<referredTableID>1A4E58E4-1AC2-469C-3020-E2BE2BF09211</referredTableID>
<keyObject>827502E6-8365-2948-9828-72A5EE67BEEC</keyObject>
<referredKeyID>827502E6-8365-2948-9828-72A5EE67BEEC</referredKeyID>
<mandatory>true</mandatory>
<refColNames>MODEL_KEY</refColNames>
<transferable>true</transferable>
<rely>false</rely>
<columnDependencyConstraintGenerateInDDL>true</columnDependencyConstraintGenerateInDDL>
</FKIndexAssociation>