<?xml version = '1.0' encoding = 'UTF-8'?>
<FKIndexAssociation class="oracle.dbtools.crest.model.design.relational.FKIndexAssociation" directorySegmentName="seg_0" id="C202E09B-7128-9679-A0CF-A887028C5FFE" containerWithKeyObject="D62038A5-6F74-8F4C-982A-DF04809CF526" localFKIndex="BB048021-AF50-DAD5-0FE7-921FA745D0DB" name="NAKLADNI_STANICE_FK">
<createdBy>litvaluk</createdBy>
<createdTime>2018-04-10 09:47:10 UTC</createdTime>
<generatorID>F0E59311-124A-D830-995B-4E32085B1E7A</generatorID>
<ownerDesignName>vds</ownerDesignName>
<referredTableLongName>STANICE</referredTableLongName>
<deleteRule>NO ACTION</deleteRule>
<referredTableID>92702B22-E0D4-2883-7762-A14973CE11F3</referredTableID>
<keyObject>E2EDAC39-D1BD-1B66-7DD4-EE9F70B58968</keyObject>
<referredKeyID>E2EDAC39-D1BD-1B66-7DD4-EE9F70B58968</referredKeyID>
<mandatory>true</mandatory>
<refColNames>STANICE_KEY</refColNames>
<transferable>true</transferable>
<rely>false</rely>
<columnDependencyConstraintGenerateInDDL>true</columnDependencyConstraintGenerateInDDL>
</FKIndexAssociation>