<?xml version = '1.0' encoding = 'UTF-8'?>
<FKIndexAssociation class="oracle.dbtools.crest.model.design.relational.FKIndexAssociation" directorySegmentName="seg_0" id="C64EE727-0745-D45B-D115-54F038E99A4F" containerWithKeyObject="0F89B137-3189-D580-E60C-B0AEE07CE402" localFKIndex="98195355-3042-995C-461F-618AF788297A" name="Relation_17_MECHANIK_FK">
<createdBy>litvaluk</createdBy>
<createdTime>2018-04-10 09:47:10 UTC</createdTime>
<generatorID>349C3707-E74C-619D-EB03-AA9942059788</generatorID>
<ownerDesignName>vds</ownerDesignName>
<referredTableLongName>MECHANIK</referredTableLongName>
<deleteRule>NO ACTION</deleteRule>
<referredTableID>9F9AEE89-5C28-A1E4-9E2F-F8CA4A3FACFD</referredTableID>
<keyObject>1BD4ED36-F983-8C30-D601-5359428E6C5C</keyObject>
<referredKeyID>1BD4ED36-F983-8C30-D601-5359428E6C5C</referredKeyID>
<mandatory>true</mandatory>
<refColNames>ZAMESTNANEC_ZAM_KEY,MECH_KEY</refColNames>
<transferable>true</transferable>
<rely>false</rely>
<columnDependencyConstraintGenerateInDDL>true</columnDependencyConstraintGenerateInDDL>
</FKIndexAssociation>