<?xml version = '1.0' encoding = 'UTF-8'?>
<FKIndexAssociation class="oracle.dbtools.crest.model.design.relational.FKIndexAssociation" directorySegmentName="seg_0" id="D6B6E1FA-C050-C94A-41BB-E2C98D26C3B4" containerWithKeyObject="7CAE7A13-BADE-E036-8E53-C338F3A30D1F" localFKIndex="E5ED8247-32CF-D5CA-07FA-14B263DD759A" name="PLANETA_SEKTOR_FK">
<createdBy>litvaluk</createdBy>
<createdTime>2018-04-10 09:47:10 UTC</createdTime>
<generatorID>816F2148-1A6C-39C3-40A8-DC9E95999F4C</generatorID>
<ownerDesignName>vds</ownerDesignName>
<referredTableLongName>SEKTOR</referredTableLongName>
<deleteRule>NO ACTION</deleteRule>
<referredTableID>2D60C87C-C89B-50C5-F6AE-FE0821128403</referredTableID>
<keyObject>993AEC72-04ED-77E5-7687-6D093886ABF6</keyObject>
<referredKeyID>993AEC72-04ED-77E5-7687-6D093886ABF6</referredKeyID>
<mandatory>true</mandatory>
<refColNames>SEKTOR_KEY</refColNames>
<transferable>true</transferable>
<rely>false</rely>
<columnDependencyConstraintGenerateInDDL>true</columnDependencyConstraintGenerateInDDL>
</FKIndexAssociation>