<?xml version = '1.0' encoding = 'UTF-8'?>
<FKIndexAssociation class="oracle.dbtools.crest.model.design.relational.FKIndexAssociation" directorySegmentName="seg_0" id="E0DA41B2-8C4D-04C3-622C-2AAB2D1898E0" containerWithKeyObject="9F9AEE89-5C28-A1E4-9E2F-F8CA4A3FACFD" localFKIndex="E80E8B70-171E-DF19-15EF-99E627F9BF58" name="MECHANIK_ZAMESTNANEC_FK">
<createdBy>litvaluk</createdBy>
<createdTime>2018-04-10 09:47:10 UTC</createdTime>
<generatorID>34ACA844-F1EE-953D-EDE4-4D19DD402169</generatorID>
<ownerDesignName>vds</ownerDesignName>
<referredTableLongName>ZAMESTNANEC</referredTableLongName>
<deleteRule>NO ACTION</deleteRule>
<referredTableID>545EC6FD-0EA3-0479-BE1F-B67476CB109E</referredTableID>
<keyObject>5D33C39D-DE36-04D0-4BFD-FAD97EFD38F2</keyObject>
<referredKeyID>5D33C39D-DE36-04D0-4BFD-FAD97EFD38F2</referredKeyID>
<mandatory>true</mandatory>
<refColNames>ZAM_KEY</refColNames>
<transferable>true</transferable>
<rely>false</rely>
<columnDependencyConstraintGenerateInDDL>true</columnDependencyConstraintGenerateInDDL>
</FKIndexAssociation>