<?xml version = '1.0' encoding = 'UTF-8'?>
<FKIndexAssociation class="oracle.dbtools.crest.model.design.relational.FKIndexAssociation" directorySegmentName="seg_0" id="E7D64AEA-6404-357A-398F-6A7BFA5A503C" containerWithKeyObject="2159AE0F-43AA-D89D-1F01-44074BFBE7D0" localFKIndex="7C3D4FAF-C2B2-E27D-BF23-1DB1716E31FD" name="OSOBNI_LOD_FK">
<createdBy>litvaluk</createdBy>
<createdTime>2018-04-10 09:47:10 UTC</createdTime>
<generatorID>4C2C1FCD-43F1-3083-E336-219859E1B0F2</generatorID>
<ownerDesignName>vds</ownerDesignName>
<referredTableLongName>LOD</referredTableLongName>
<deleteRule>NO ACTION</deleteRule>
<referredTableID>B526C8B3-3EBD-9F26-7FC0-D69776891E74</referredTableID>
<keyObject>0BE12F30-6C07-5773-14C1-601F3C80E7C3</keyObject>
<referredKeyID>0BE12F30-6C07-5773-14C1-601F3C80E7C3</referredKeyID>
<mandatory>true</mandatory>
<refColNames>LOD_KEY</refColNames>
<transferable>true</transferable>
<rely>false</rely>
<columnDependencyConstraintGenerateInDDL>true</columnDependencyConstraintGenerateInDDL>
</FKIndexAssociation>