<?xml version = '1.0' encoding = 'UTF-8'?>
<FKIndexAssociation class="oracle.dbtools.crest.model.design.relational.FKIndexAssociation" directorySegmentName="seg_0" id="F5049658-FA67-34C0-6D92-4F761A769857" containerWithKeyObject="2159AE0F-43AA-D89D-1F01-44074BFBE7D0" localFKIndex="7BA929FA-9347-B3BC-BAEF-3C368F1EB4A5" name="OSOBNI_STANICE_FKv2">
<createdBy>litvaluk</createdBy>
<createdTime>2018-04-10 09:47:10 UTC</createdTime>
<generatorID>F06498D9-AC84-4AD5-050A-C931DE324EF0</generatorID>
<ownerDesignName>vds</ownerDesignName>
<referredTableLongName>STANICE</referredTableLongName>
<deleteRule>NO ACTION</deleteRule>
<referredTableID>92702B22-E0D4-2883-7762-A14973CE11F3</referredTableID>
<keyObject>E2EDAC39-D1BD-1B66-7DD4-EE9F70B58968</keyObject>
<referredKeyID>E2EDAC39-D1BD-1B66-7DD4-EE9F70B58968</referredKeyID>
<mandatory>true</mandatory>
<refColNames>STANICE_KEY</refColNames>
<transferable>true</transferable>
<rely>false</rely>
<columnDependencyConstraintGenerateInDDL>true</columnDependencyConstraintGenerateInDDL>
</FKIndexAssociation>