<?xml version = '1.0' encoding = 'UTF-8'?>
<Table class="oracle.dbtools.crest.model.design.relational.Table" directorySegmentName="seg_0" id="0F89B137-3189-D580-E60C-B0AEE07CE402" name="STAROST_O_LOD">
<createdBy>litvaluk</createdBy>
<createdTime>2018-04-10 09:47:10 UTC</createdTime>
<ownerDesignName>vds</ownerDesignName>
<ordsAlias>relation_17</ordsAlias>
<allowColumnReorder>false</allowColumnReorder>
<existDependencyGenerateInDDl>true</existDependencyGenerateInDDl>
<parsed>true</parsed>
<columns itemClass="oracle.dbtools.crest.model.design.relational.Column">
<Column name="ZAMESTNANEC_KEY" id="9640EC89-185F-A3B4-F3A9-6A63FDE783D8">
<createdBy>litvaluk</createdBy>
<createdTime>2018-04-10 09:47:10 UTC</createdTime>
<ownerDesignName>vds</ownerDesignName>
<useDomainConstraints>false</useDomainConstraints>
<use>1</use>
<logicalDatatype>LOGDT011</logicalDatatype>
<ownDataTypeParameters>,,</ownDataTypeParameters>
<previousColumn>false</previousColumn>
<autoIncrementCycle>false</autoIncrementCycle>
<associations>
<colAssociation fkAssociation="C64EE727-0745-D45B-D115-54F038E99A4F" referredColumn="FA354EEF-57EE-1F29-93CC-C285C5A45606"/>
</associations>
</Column>
<Column name="MECHANIK_KEY" id="745A3A0D-CD9F-7FDB-5A80-0579EA8E023A">
<createdBy>litvaluk</createdBy>
<createdTime>2018-04-10 09:47:10 UTC</createdTime>
<ownerDesignName>vds</ownerDesignName>
<useDomainConstraints>false</useDomainConstraints>
<use>1</use>
<logicalDatatype>LOGDT011</logicalDatatype>
<ownDataTypeParameters>,,</ownDataTypeParameters>
<previousColumn>false</previousColumn>
<autoIncrementCycle>false</autoIncrementCycle>
<associations>
<colAssociation fkAssociation="C64EE727-0745-D45B-D115-54F038E99A4F" referredColumn="2B1BD15B-3746-F027-C08A-70BDCEA6B25C"/>
</associations>
</Column>
<Column name="LOD_KEY" id="F09FE979-EBB0-CFF7-80B4-22313752225E">
<createdBy>litvaluk</createdBy>
<createdTime>2018-04-10 09:47:10 UTC</createdTime>
<ownerDesignName>vds</ownerDesignName>
<useDomainConstraints>false</useDomainConstraints>
<use>1</use>
<logicalDatatype>LOGDT011</logicalDatatype>
<ownDataTypeParameters>,,</ownDataTypeParameters>
<previousColumn>false</previousColumn>
<autoIncrementCycle>false</autoIncrementCycle>
<associations>
<colAssociation fkAssociation="0072533E-E5DA-2ABF-6465-E49ED60CD1BC" referredColumn="F41ED5F6-38D7-1C3A-4D6E-B56DD78612C3"/>
</associations>
</Column>
</columns>
<indexes itemClass="oracle.dbtools.crest.model.design.relational.Index">
<ind_PK_UK id="F45C8C53-DBB2-6731-4085-9055D68F963F" name="Relation_17_PK">
<createdBy>litvaluk</createdBy>
<createdTime>2018-04-10 09:47:10 UTC</createdTime>
<ownerDesignName>vds</ownerDesignName>
<pk>true</pk>
<indexState>Primary Constraint</indexState>
<isSurrogateKey>false</isSurrogateKey>
<indexColumnUsage>
<colUsage columnID="9640EC89-185F-A3B4-F3A9-6A63FDE783D8"/>
<colUsage columnID="745A3A0D-CD9F-7FDB-5A80-0579EA8E023A"/>
<colUsage columnID="F09FE979-EBB0-CFF7-80B4-22313752225E"/>
</indexColumnUsage>
</ind_PK_UK>
<ind_PK_UK id="98195355-3042-995C-461F-618AF788297A" name="Relation_17_MECHANIK_FK">
<createdBy>litvaluk</createdBy>
<createdTime>2018-04-10 09:47:10 UTC</createdTime>
<generatorID>349C3707-E74C-619D-EB03-AA9942059788</generatorID>
<ownerDesignName>vds</ownerDesignName>
<indexState>Foreign Key</indexState>
<isSurrogateKey>false</isSurrogateKey>
<indexColumnUsage>
<colUsage columnID="9640EC89-185F-A3B4-F3A9-6A63FDE783D8"/>
<colUsage columnID="745A3A0D-CD9F-7FDB-5A80-0579EA8E023A"/>
</indexColumnUsage>
</ind_PK_UK>
<ind_PK_UK id="10AFCA2E-1D2B-1385-9057-5286A0B30E63" name="Relation_17_LOD_FK">
<createdBy>litvaluk</createdBy>
<createdTime>2018-04-10 09:47:10 UTC</createdTime>
<generatorID>349C3707-E74C-619D-EB03-AA9942059788</generatorID>
<ownerDesignName>vds</ownerDesignName>
<indexState>Foreign Key</indexState>
<isSurrogateKey>false</isSurrogateKey>
<indexColumnUsage>
<colUsage columnID="F09FE979-EBB0-CFF7-80B4-22313752225E"/>
</indexColumnUsage>
</ind_PK_UK>
</indexes>
</Table>