<?xml version = '1.0' encoding = 'UTF-8'?>
<Table class="oracle.dbtools.crest.model.design.relational.Table" directorySegmentName="seg_0" id="15F7F893-390A-A597-0968-27E828258C0A" name="LET_CESTUJICIHO">
<createdBy>litvaluk</createdBy>
<createdTime>2018-04-10 09:47:10 UTC</createdTime>
<ownerDesignName>vds</ownerDesignName>
<ordsAlias>relation_1</ordsAlias>
<allowColumnReorder>false</allowColumnReorder>
<existDependencyGenerateInDDl>true</existDependencyGenerateInDDl>
<parsed>true</parsed>
<columns itemClass="oracle.dbtools.crest.model.design.relational.Column">
<Column name="OSOBNI_KEY" id="3F781F3E-D1FC-8FFA-24D9-AEF4AB346B49">
<createdBy>litvaluk</createdBy>
<createdTime>2018-04-10 09:47:10 UTC</createdTime>
<ownerDesignName>vds</ownerDesignName>
<useDomainConstraints>false</useDomainConstraints>
<use>1</use>
<logicalDatatype>LOGDT011</logicalDatatype>
<ownDataTypeParameters>,,</ownDataTypeParameters>
<previousColumn>false</previousColumn>
<autoIncrementCycle>false</autoIncrementCycle>
<associations>
<colAssociation fkAssociation="807D1EC5-BD38-7493-E6EC-CC17CE27720F" referredColumn="B6E080FC-A38C-4E62-F3BE-0F21B1819AD5"/>
</associations>
</Column>
<Column name="CESTUJICI_KEY" id="EC5CDEDB-C243-73D2-3B47-DE45E067D5C3">
<createdBy>litvaluk</createdBy>
<createdTime>2018-04-10 09:47:10 UTC</createdTime>
<ownerDesignName>vds</ownerDesignName>
<useDomainConstraints>false</useDomainConstraints>
<use>1</use>
<logicalDatatype>LOGDT011</logicalDatatype>
<ownDataTypeParameters>,,</ownDataTypeParameters>
<previousColumn>false</previousColumn>
<autoIncrementCycle>false</autoIncrementCycle>
<associations>
<colAssociation fkAssociation="458867F8-DEBF-CF25-CE73-0C0C9361F6D6" referredColumn="CFD8761D-1D50-4AC3-252C-D5657C49673F"/>
</associations>
</Column>
</columns>
<indexes itemClass="oracle.dbtools.crest.model.design.relational.Index">
<ind_PK_UK id="C8803E9D-E2D8-4272-5D7B-CFD25D2DB83F" name="Relation_1_PK">
<createdBy>litvaluk</createdBy>
<createdTime>2018-04-10 09:47:10 UTC</createdTime>
<ownerDesignName>vds</ownerDesignName>
<pk>true</pk>
<indexState>Primary Constraint</indexState>
<isSurrogateKey>false</isSurrogateKey>
<indexColumnUsage>
<colUsage columnID="3F781F3E-D1FC-8FFA-24D9-AEF4AB346B49"/>
<colUsage columnID="EC5CDEDB-C243-73D2-3B47-DE45E067D5C3"/>
</indexColumnUsage>
</ind_PK_UK>
<ind_PK_UK id="027DE5BA-ADBE-20B0-D122-FC9382460A8F" name="Relation_1_OSOBNI_FK">
<createdBy>litvaluk</createdBy>
<createdTime>2018-04-10 09:47:10 UTC</createdTime>
<generatorID>EBF1D44D-83F1-90F9-1F4B-B90DD324EFB9</generatorID>
<ownerDesignName>vds</ownerDesignName>
<indexState>Foreign Key</indexState>
<isSurrogateKey>false</isSurrogateKey>
<indexColumnUsage>
<colUsage columnID="3F781F3E-D1FC-8FFA-24D9-AEF4AB346B49"/>
</indexColumnUsage>
</ind_PK_UK>
<ind_PK_UK id="30E195AF-1087-28E0-F97B-515EB7F9088A" name="Relation_1_CESTUJICI_FK">
<createdBy>litvaluk</createdBy>
<createdTime>2018-04-10 09:47:10 UTC</createdTime>
<generatorID>EBF1D44D-83F1-90F9-1F4B-B90DD324EFB9</generatorID>
<ownerDesignName>vds</ownerDesignName>
<indexState>Foreign Key</indexState>
<isSurrogateKey>false</isSurrogateKey>
<indexColumnUsage>
<colUsage columnID="EC5CDEDB-C243-73D2-3B47-DE45E067D5C3"/>
</indexColumnUsage>
</ind_PK_UK>
</indexes>
</Table>