<?xml version = '1.0' encoding = 'UTF-8'?>
<Table class="oracle.dbtools.crest.model.design.relational.Table" directorySegmentName="seg_0" id="2159AE0F-43AA-D89D-1F01-44074BFBE7D0" name="OSOBNI">
<createdBy>litvaluk</createdBy>
<createdTime>2018-04-10 09:47:10 UTC</createdTime>
<generatorID>B563079F-D624-9DDF-E7EB-372453F1525A</generatorID>
<ownerDesignName>vds</ownerDesignName>
<allowColumnReorder>false</allowColumnReorder>
<existDependencyGenerateInDDl>true</existDependencyGenerateInDDl>
<parsed>true</parsed>
<columns itemClass="oracle.dbtools.crest.model.design.relational.Column">
<Column name="OSOBNI_KEY" id="B6E080FC-A38C-4E62-F3BE-0F21B1819AD5">
<createdBy>litvaluk</createdBy>
<createdTime>2018-04-10 09:47:10 UTC</createdTime>
<generatorID>2D27E36C-B9B4-E98A-8B9F-11CB5E8E8B34</generatorID>
<ownerDesignName>vds</ownerDesignName>
<useDomainConstraints>false</useDomainConstraints>
<use>1</use>
<logicalDatatype>LOGDT011</logicalDatatype>
<ownDataTypeParameters>,,</ownDataTypeParameters>
<autoIncrementColumn>true</autoIncrementColumn>
<autoIncrementCycle>false</autoIncrementCycle>
</Column>
<Column name="Z_STANICE_KEY" id="9ECB79C5-F382-D3A8-3EC0-F3399E0C8466">
<createdBy>litvaluk</createdBy>
<createdTime>2018-04-10 09:47:10 UTC</createdTime>
<generatorID>52EECC98-C304-2D18-1E12-417C456BAE32</generatorID>
<ownerDesignName>vds</ownerDesignName>
<useDomainConstraints>false</useDomainConstraints>
<use>1</use>
<logicalDatatype>LOGDT011</logicalDatatype>
<ownDataTypeParameters>,,</ownDataTypeParameters>
<previousColumn>false</previousColumn>
<autoIncrementCycle>false</autoIncrementCycle>
<associations>
<colAssociation fkAssociation="8534B84E-C21B-DFEC-979C-6296EBF61635" referredColumn="792BD01C-002B-FAE7-CA53-FA1B4ADD2172"/>
</associations>
</Column>
<Column name="DO_STANICE_KEY" id="0BF56D6A-4101-F2E9-8FF2-9A220DC7BFAE">
<createdBy>litvaluk</createdBy>
<createdTime>2018-04-10 09:47:10 UTC</createdTime>
<generatorID>CD612386-C257-0CF6-BCC6-D3832C2E6017</generatorID>
<ownerDesignName>vds</ownerDesignName>
<useDomainConstraints>false</useDomainConstraints>
<use>1</use>
<logicalDatatype>LOGDT011</logicalDatatype>
<ownDataTypeParameters>,,</ownDataTypeParameters>
<previousColumn>false</previousColumn>
<autoIncrementCycle>false</autoIncrementCycle>
<associations>
<colAssociation fkAssociation="F5049658-FA67-34C0-6D92-4F761A769857" referredColumn="792BD01C-002B-FAE7-CA53-FA1B4ADD2172"/>
</associations>
</Column>
<Column name="ZAMESTNANEC_KEY" id="A346E438-43F8-C382-30BB-850B50447129">
<createdBy>litvaluk</createdBy>
<createdTime>2018-04-10 09:47:10 UTC</createdTime>
<generatorID>286DD0BE-A8FC-B395-7750-035A05366361</generatorID>
<ownerDesignName>vds</ownerDesignName>
<useDomainConstraints>false</useDomainConstraints>
<use>1</use>
<logicalDatatype>LOGDT011</logicalDatatype>
<ownDataTypeParameters>,,</ownDataTypeParameters>
<previousColumn>false</previousColumn>
<autoIncrementCycle>false</autoIncrementCycle>
<associations>
<colAssociation fkAssociation="23D5E49C-D88D-8342-8823-6FDBD3D1F5D0" referredColumn="0ADEEF6E-3AD5-7E8C-A5E4-DCCCBCE76F2B"/>
</associations>
</Column>
<Column name="LOD_KEY" id="EE9EA2DD-FEE2-3524-E81B-3B22690746B4">
<createdBy>litvaluk</createdBy>
<createdTime>2018-04-10 09:47:10 UTC</createdTime>
<generatorID>FCFF55B6-1F4C-F94B-40B3-11F7D9E5A24C</generatorID>
<ownerDesignName>vds</ownerDesignName>
<useDomainConstraints>false</useDomainConstraints>
<use>1</use>
<logicalDatatype>LOGDT011</logicalDatatype>
<ownDataTypeParameters>,,</ownDataTypeParameters>
<previousColumn>false</previousColumn>
<autoIncrementCycle>false</autoIncrementCycle>
<associations>
<colAssociation fkAssociation="E7D64AEA-6404-357A-398F-6A7BFA5A503C" referredColumn="F41ED5F6-38D7-1C3A-4D6E-B56DD78612C3"/>
</associations>
</Column>
<Column name="KOD_LETU" id="7605AAF9-096D-9EF1-8804-A3B8997B2E47">
<createdBy>litvaluk</createdBy>
<createdTime>2018-04-10 09:47:10 UTC</createdTime>
<generatorID>63180B77-FF08-A203-E0DC-8872D3B10248</generatorID>
<ownerDesignName>vds</ownerDesignName>
<useDomainConstraints>false</useDomainConstraints>
<use>1</use>
<logicalDatatype>LOGDT024</logicalDatatype>
<dataTypeSize>20 CHAR</dataTypeSize>
<ownDataTypeParameters>20 CHAR,,</ownDataTypeParameters>
<autoIncrementCycle>false</autoIncrementCycle>
</Column>
<Column name="PILOT_KEY" id="1AF1AE73-BFE0-DAF1-CCDA-593E1D5D06D8">
<createdBy>litvaluk</createdBy>
<createdTime>2018-04-10 09:47:10 UTC</createdTime>
<generatorID>F764CDDE-3482-1438-85A9-49FF4202B01E</generatorID>
<ownerDesignName>vds</ownerDesignName>
<useDomainConstraints>false</useDomainConstraints>
<use>1</use>
<logicalDatatype>LOGDT011</logicalDatatype>
<ownDataTypeParameters>,,</ownDataTypeParameters>
<previousColumn>false</previousColumn>
<autoIncrementCycle>false</autoIncrementCycle>
<associations>
<colAssociation fkAssociation="23D5E49C-D88D-8342-8823-6FDBD3D1F5D0" referredColumn="9B02DE16-BE73-61B3-1EF4-A4F4DD6156A0"/>
</associations>
</Column>
<Column name="JIDLO" id="BC11A4EC-0C79-A0B8-47D2-BB2CA9E23B49">
<createdBy>litvaluk</createdBy>
<createdTime>2018-04-10 09:47:10 UTC</createdTime>
<generatorID>EE52D24F-150F-04F0-F077-FD66314136BC</generatorID>
<ownerDesignName>vds</ownerDesignName>
<nullsAllowed>true</nullsAllowed>
<useDomainConstraints>false</useDomainConstraints>
<use>1</use>
<logicalDatatype>LOGDT024</logicalDatatype>
<dataTypeSize>30 CHAR</dataTypeSize>
<ownDataTypeParameters>30 CHAR,,</ownDataTypeParameters>
<autoIncrementCycle>false</autoIncrementCycle>
</Column>
</columns>
<indexes itemClass="oracle.dbtools.crest.model.design.relational.Index">
<ind_PK_UK id="95F78C02-26E2-40E4-5629-CFA5DC0DBF11" name="OSOBNI_PK">
<createdBy>litvaluk</createdBy>
<createdTime>2018-04-10 09:47:10 UTC</createdTime>
<generatorID>B77C0642-6515-9FA0-36AF-3FF430639BBE</generatorID>
<ownerDesignName>vds</ownerDesignName>
<pk>true</pk>
<indexState>Primary Constraint</indexState>
<isSurrogateKey>false</isSurrogateKey>
<indexColumnUsage>
<colUsage columnID="B6E080FC-A38C-4E62-F3BE-0F21B1819AD5"/>
</indexColumnUsage>
</ind_PK_UK>
<ind_PK_UK id="EEB3AAE4-5355-9496-7EFA-EF7C8B4C1D04" name="OSOBNI_KOD_LETU_UN">
<createdBy>litvaluk</createdBy>
<createdTime>2018-04-10 09:47:10 UTC</createdTime>
<generatorID>F3991ACB-DB26-8CE5-54A7-46914135E3B0</generatorID>
<ownerDesignName>vds</ownerDesignName>
<indexState>Unique Constraint</indexState>
<isSurrogateKey>false</isSurrogateKey>
<indexColumnUsage>
<colUsage columnID="7605AAF9-096D-9EF1-8804-A3B8997B2E47"/>
</indexColumnUsage>
</ind_PK_UK>
<ind_PK_UK id="F3B60C8A-8663-C424-F09E-332CC7EA5D08" name="OSOBNI_PILOT_FK">
<createdBy>litvaluk</createdBy>
<createdTime>2018-04-10 09:47:10 UTC</createdTime>
<generatorID>AC9C569D-4AD5-E909-D1C4-B8153F825FCD</generatorID>
<ownerDesignName>vds</ownerDesignName>
<indexState>Foreign Key</indexState>
<isSurrogateKey>false</isSurrogateKey>
<indexColumnUsage>
<colUsage columnID="A346E438-43F8-C382-30BB-850B50447129"/>
<colUsage columnID="1AF1AE73-BFE0-DAF1-CCDA-593E1D5D06D8"/>
</indexColumnUsage>
</ind_PK_UK>
<ind_PK_UK id="7C3D4FAF-C2B2-E27D-BF23-1DB1716E31FD" name="OSOBNI_LOD_FK">
<createdBy>litvaluk</createdBy>
<createdTime>2018-04-10 09:47:10 UTC</createdTime>
<generatorID>4C2C1FCD-43F1-3083-E336-219859E1B0F2</generatorID>
<ownerDesignName>vds</ownerDesignName>
<indexState>Foreign Key</indexState>
<isSurrogateKey>false</isSurrogateKey>
<indexColumnUsage>
<colUsage columnID="EE9EA2DD-FEE2-3524-E81B-3B22690746B4"/>
</indexColumnUsage>
</ind_PK_UK>
<ind_PK_UK id="52B8125F-7139-67B3-91D9-0E7DAEF70BF7" name="OSOBNI_STANICE_FK">
<createdBy>litvaluk</createdBy>
<createdTime>2018-04-10 09:47:10 UTC</createdTime>
<generatorID>F0E59311-124A-D830-995B-4E32085B1E7A</generatorID>
<ownerDesignName>vds</ownerDesignName>
<indexState>Foreign Key</indexState>
<isSurrogateKey>false</isSurrogateKey>
<indexColumnUsage>
<colUsage columnID="9ECB79C5-F382-D3A8-3EC0-F3399E0C8466"/>
</indexColumnUsage>
</ind_PK_UK>
<ind_PK_UK id="7BA929FA-9347-B3BC-BAEF-3C368F1EB4A5" name="OSOBNI_STANICE_FKv2">
<createdBy>litvaluk</createdBy>
<createdTime>2018-04-10 09:47:10 UTC</createdTime>
<generatorID>F06498D9-AC84-4AD5-050A-C931DE324EF0</generatorID>
<ownerDesignName>vds</ownerDesignName>
<indexState>Foreign Key</indexState>
<isSurrogateKey>false</isSurrogateKey>
<indexColumnUsage>
<colUsage columnID="0BF56D6A-4101-F2E9-8FF2-9A220DC7BFAE"/>
</indexColumnUsage>
</ind_PK_UK>
</indexes>
</Table>