<?xml version = '1.0' encoding = 'UTF-8'?>
<Table class="oracle.dbtools.crest.model.design.relational.Table" directorySegmentName="seg_0" id="4B18469E-058B-E0AD-1E1B-70A26AD9EF0F" name="REDITEL">
<createdBy>litvaluk</createdBy>
<createdTime>2018-04-10 09:47:10 UTC</createdTime>
<generatorID>DE27F636-4353-D6E4-7B3C-E0DDBCEE2513</generatorID>
<ownerDesignName>vds</ownerDesignName>
<allowColumnReorder>false</allowColumnReorder>
<existDependencyGenerateInDDl>true</existDependencyGenerateInDDl>
<parsed>true</parsed>
<columns itemClass="oracle.dbtools.crest.model.design.relational.Column">
<Column name="REDITEL_KEY" id="4E619635-BB3B-C016-335D-4277FF806E4B">
<createdBy>litvaluk</createdBy>
<createdTime>2018-04-10 09:47:10 UTC</createdTime>
<generatorID>1BAE0911-49B5-AFB7-816E-C7D7F19063D6</generatorID>
<ownerDesignName>vds</ownerDesignName>
<useDomainConstraints>false</useDomainConstraints>
<use>1</use>
<logicalDatatype>LOGDT011</logicalDatatype>
<ownDataTypeParameters>,,</ownDataTypeParameters>
<autoIncrementColumn>true</autoIncrementColumn>
<autoIncrementCycle>false</autoIncrementCycle>
</Column>
<Column name="ZAMESTNANEC_KEY" id="28192241-F65C-3351-F122-7912C15F53BC">
<createdBy>litvaluk</createdBy>
<createdTime>2018-04-10 09:47:10 UTC</createdTime>
<generatorID>435358BA-472F-F1D5-8906-E2968DB67280</generatorID>
<ownerDesignName>vds</ownerDesignName>
<useDomainConstraints>false</useDomainConstraints>
<use>1</use>
<logicalDatatype>LOGDT011</logicalDatatype>
<ownDataTypeParameters>,,</ownDataTypeParameters>
<previousColumn>false</previousColumn>
<autoIncrementCycle>false</autoIncrementCycle>
<associations>
<colAssociation fkAssociation="6A266554-2CB0-19BF-B25C-C3B2FEBE09DB" referredColumn="D892DBFA-ED6B-99C6-0DF1-CA7BB0A59B9F"/>
</associations>
</Column>
</columns>
<indexes itemClass="oracle.dbtools.crest.model.design.relational.Index">
<ind_PK_UK id="C5FC05F0-EB54-F4C2-FB8B-34E41D5D9D39" name="REDITEL_PK">
<createdBy>litvaluk</createdBy>
<createdTime>2018-04-10 09:47:10 UTC</createdTime>
<generatorID>219DF6CF-0463-71D0-DF27-AC14753A6704</generatorID>
<ownerDesignName>vds</ownerDesignName>
<pk>true</pk>
<indexState>Primary Constraint</indexState>
<isSurrogateKey>false</isSurrogateKey>
<indexColumnUsage>
<colUsage columnID="28192241-F65C-3351-F122-7912C15F53BC"/>
<colUsage columnID="4E619635-BB3B-C016-335D-4277FF806E4B"/>
</indexColumnUsage>
</ind_PK_UK>
<ind_PK_UK id="FB6045FE-8ABE-F134-5522-06FF65734BA2" name="REDITEL__IDX">
<createdBy>litvaluk</createdBy>
<createdTime>2018-04-10 09:47:10 UTC</createdTime>
<ownerDesignName>vds</ownerDesignName>
<indexState>Unique Plain Index</indexState>
<isSurrogateKey>false</isSurrogateKey>
<relationGeneratorID>2F796C4D-A35F-E991-6F32-147987F80012</relationGeneratorID>
<indexColumnUsage>
<colUsage columnID="28192241-F65C-3351-F122-7912C15F53BC"/>
</indexColumnUsage>
</ind_PK_UK>
<ind_PK_UK id="43BB0D40-2602-2C84-2DF5-FC088ED0D954" name="REDITEL_ZAMESTNANEC_FK">
<createdBy>litvaluk</createdBy>
<createdTime>2018-04-10 09:47:10 UTC</createdTime>
<generatorID>2F796C4D-A35F-E991-6F32-147987F80012</generatorID>
<ownerDesignName>vds</ownerDesignName>
<indexState>Foreign Key</indexState>
<isSurrogateKey>false</isSurrogateKey>
<indexColumnUsage>
<colUsage columnID="28192241-F65C-3351-F122-7912C15F53BC"/>
</indexColumnUsage>
</ind_PK_UK>
</indexes>
</Table>