<?xml version = '1.0' encoding = 'UTF-8'?>
<Table class="oracle.dbtools.crest.model.design.relational.Table" directorySegmentName="seg_0" id="52DE44D8-4A74-7A80-2F33-7593A7DBE87D" name="PILOT">
<createdBy>litvaluk</createdBy>
<createdTime>2018-04-10 09:47:10 UTC</createdTime>
<generatorID>3D2F7B69-B5A3-E3B1-EE0C-3D7FC9F05D71</generatorID>
<ownerDesignName>vds</ownerDesignName>
<allowColumnReorder>false</allowColumnReorder>
<existDependencyGenerateInDDl>true</existDependencyGenerateInDDl>
<parsed>true</parsed>
<columns itemClass="oracle.dbtools.crest.model.design.relational.Column">
<Column name="PILOT_KEY" id="9B02DE16-BE73-61B3-1EF4-A4F4DD6156A0">
<createdBy>litvaluk</createdBy>
<createdTime>2018-04-10 09:47:10 UTC</createdTime>
<generatorID>70589472-26B9-6C9A-E544-E1F6E4B3B7FF</generatorID>
<ownerDesignName>vds</ownerDesignName>
<useDomainConstraints>false</useDomainConstraints>
<use>1</use>
<logicalDatatype>LOGDT011</logicalDatatype>
<ownDataTypeParameters>,,</ownDataTypeParameters>
<autoIncrementColumn>true</autoIncrementColumn>
<autoIncrementCycle>false</autoIncrementCycle>
</Column>
<Column name="ZAMESTNANEC_KEY" id="0ADEEF6E-3AD5-7E8C-A5E4-DCCCBCE76F2B">
<createdBy>litvaluk</createdBy>
<createdTime>2018-04-10 09:47:10 UTC</createdTime>
<generatorID>908FF031-0218-BF77-4FC1-41D82D7D2C45</generatorID>
<ownerDesignName>vds</ownerDesignName>
<useDomainConstraints>false</useDomainConstraints>
<use>1</use>
<logicalDatatype>LOGDT011</logicalDatatype>
<ownDataTypeParameters>,,</ownDataTypeParameters>
<previousColumn>false</previousColumn>
<autoIncrementCycle>false</autoIncrementCycle>
<associations>
<colAssociation fkAssociation="9324CACE-07AB-30CC-0E32-96EE745C353C" referredColumn="D892DBFA-ED6B-99C6-0DF1-CA7BB0A59B9F"/>
</associations>
</Column>
<Column name="CISLO_PRUKAZU" id="42AD71CD-AB19-A903-BD42-482792C7E607">
<createdBy>litvaluk</createdBy>
<createdTime>2018-04-10 09:47:10 UTC</createdTime>
<generatorID>0A791F31-F737-0875-4FAE-5A5DBF07E928</generatorID>
<ownerDesignName>vds</ownerDesignName>
<nullsAllowed>true</nullsAllowed>
<useDomainConstraints>false</useDomainConstraints>
<use>1</use>
<logicalDatatype>LOGDT011</logicalDatatype>
<ownDataTypeParameters>,,</ownDataTypeParameters>
<autoIncrementCycle>false</autoIncrementCycle>
</Column>
</columns>
<indexes itemClass="oracle.dbtools.crest.model.design.relational.Index">
<ind_PK_UK id="0F77B4FF-8DDF-4406-A089-FE1A520668F8" name="PILOT_PK">
<createdBy>litvaluk</createdBy>
<createdTime>2018-04-10 09:47:10 UTC</createdTime>
<generatorID>98B0FB63-74BC-72B9-2ABE-F7EBED3E27EC</generatorID>
<ownerDesignName>vds</ownerDesignName>
<pk>true</pk>
<indexState>Primary Constraint</indexState>
<isSurrogateKey>false</isSurrogateKey>
<indexColumnUsage>
<colUsage columnID="0ADEEF6E-3AD5-7E8C-A5E4-DCCCBCE76F2B"/>
<colUsage columnID="9B02DE16-BE73-61B3-1EF4-A4F4DD6156A0"/>
</indexColumnUsage>
</ind_PK_UK>
<ind_PK_UK id="110C58C7-E699-AB48-7957-5B3C8C0ED736" name="PILOT_CISLO_PRUKAZU_UN">
<createdBy>litvaluk</createdBy>
<createdTime>2018-04-10 09:47:10 UTC</createdTime>
<generatorID>ACCC2A39-17CF-A95A-0F83-F230211DA058</generatorID>
<ownerDesignName>vds</ownerDesignName>
<indexState>Unique Constraint</indexState>
<isSurrogateKey>false</isSurrogateKey>
<indexColumnUsage>
<colUsage columnID="42AD71CD-AB19-A903-BD42-482792C7E607"/>
</indexColumnUsage>
</ind_PK_UK>
<ind_PK_UK id="345064C8-44DD-941C-97E2-560219C3E719" name="PILOT__IDX">
<createdBy>litvaluk</createdBy>
<createdTime>2018-04-10 09:47:10 UTC</createdTime>
<ownerDesignName>vds</ownerDesignName>
<indexState>Unique Plain Index</indexState>
<isSurrogateKey>false</isSurrogateKey>
<relationGeneratorID>65ABDFB2-96C6-D31D-EA0A-ABFBB43206BE</relationGeneratorID>
<indexColumnUsage>
<colUsage columnID="0ADEEF6E-3AD5-7E8C-A5E4-DCCCBCE76F2B"/>
</indexColumnUsage>
</ind_PK_UK>
<ind_PK_UK id="175D5C8E-2A6D-1283-B14F-8D308F2B1558" name="PILOT_ZAMESTNANEC_FK">
<createdBy>litvaluk</createdBy>
<createdTime>2018-04-10 09:47:10 UTC</createdTime>
<generatorID>65ABDFB2-96C6-D31D-EA0A-ABFBB43206BE</generatorID>
<ownerDesignName>vds</ownerDesignName>
<indexState>Foreign Key</indexState>
<isSurrogateKey>false</isSurrogateKey>
<indexColumnUsage>
<colUsage columnID="0ADEEF6E-3AD5-7E8C-A5E4-DCCCBCE76F2B"/>
</indexColumnUsage>
</ind_PK_UK>
</indexes>
</Table>