<?xml version = '1.0' encoding = 'UTF-8'?>
<Table class="oracle.dbtools.crest.model.design.relational.Table" directorySegmentName="seg_0" id="545EC6FD-0EA3-0479-BE1F-B67476CB109E" name="ZAMESTNANEC">
<createdBy>litvaluk</createdBy>
<createdTime>2018-04-10 09:47:10 UTC</createdTime>
<generatorID>D0174A01-A169-17CD-F86E-A4B2ACBC8AE7</generatorID>
<ownerDesignName>vds</ownerDesignName>
<allowColumnReorder>false</allowColumnReorder>
<existDependencyGenerateInDDl>true</existDependencyGenerateInDDl>
<parsed>true</parsed>
<columns itemClass="oracle.dbtools.crest.model.design.relational.Column">
<Column name="ZAMESTNANEC_KEY" id="D892DBFA-ED6B-99C6-0DF1-CA7BB0A59B9F">
<createdBy>litvaluk</createdBy>
<createdTime>2018-04-10 09:47:10 UTC</createdTime>
<generatorID>299AC2C6-3A64-7B35-5AF4-065AE46CCD3B</generatorID>
<ownerDesignName>vds</ownerDesignName>
<useDomainConstraints>false</useDomainConstraints>
<use>1</use>
<logicalDatatype>LOGDT011</logicalDatatype>
<ownDataTypeParameters>,,</ownDataTypeParameters>
<autoIncrementColumn>true</autoIncrementColumn>
<autoIncrementCycle>false</autoIncrementCycle>
</Column>
<Column name="JMENO" id="419894F2-C5AB-E3F2-9405-9947BBDD6418">
<createdBy>litvaluk</createdBy>
<createdTime>2018-04-10 09:47:10 UTC</createdTime>
<generatorID>474854BC-1F0B-84C5-C1D6-EA5F3B544402</generatorID>
<ownerDesignName>vds</ownerDesignName>
<useDomainConstraints>false</useDomainConstraints>
<use>1</use>
<logicalDatatype>LOGDT024</logicalDatatype>
<dataTypeSize>30</dataTypeSize>
<ownDataTypeParameters>30,,</ownDataTypeParameters>
<autoIncrementCycle>false</autoIncrementCycle>
</Column>
<Column name="PRIJMENI" id="00C07418-E374-9B0B-B327-6E1EB599E1CE">
<createdBy>litvaluk</createdBy>
<createdTime>2018-04-10 09:47:10 UTC</createdTime>
<generatorID>9F622BAD-B331-8FE1-3BA1-0D70B2AAC10F</generatorID>
<ownerDesignName>vds</ownerDesignName>
<useDomainConstraints>false</useDomainConstraints>
<use>1</use>
<logicalDatatype>LOGDT024</logicalDatatype>
<dataTypeSize>30</dataTypeSize>
<ownDataTypeParameters>30,,</ownDataTypeParameters>
<autoIncrementCycle>false</autoIncrementCycle>
</Column>
<Column name="DATUM_NAROZENI" id="85930C20-AFCC-2BD8-EE44-9035A91EE1E5">
<createdBy>litvaluk</createdBy>
<createdTime>2018-04-10 09:47:10 UTC</createdTime>
<generatorID>6FFF5E5A-CCB5-D9FF-986A-883B598CA66D</generatorID>
<ownerDesignName>vds</ownerDesignName>
<nullsAllowed>true</nullsAllowed>
<useDomainConstraints>false</useDomainConstraints>
<use>1</use>
<logicalDatatype>LOGDT007</logicalDatatype>
<ownDataTypeParameters>,,</ownDataTypeParameters>
<autoIncrementCycle>false</autoIncrementCycle>
</Column>
</columns>
<indexes itemClass="oracle.dbtools.crest.model.design.relational.Index">
<ind_PK_UK id="5D33C39D-DE36-04D0-4BFD-FAD97EFD38F2" name="ZAMESTNANEC_PK">
<createdBy>litvaluk</createdBy>
<createdTime>2018-04-10 09:47:10 UTC</createdTime>
<generatorID>3D6FFD18-D99B-5FF6-FBED-6AEC60558AE6</generatorID>
<ownerDesignName>vds</ownerDesignName>
<pk>true</pk>
<indexState>Primary Constraint</indexState>
<isSurrogateKey>false</isSurrogateKey>
<indexColumnUsage>
<colUsage columnID="D892DBFA-ED6B-99C6-0DF1-CA7BB0A59B9F"/>
</indexColumnUsage>
</ind_PK_UK>
</indexes>
</Table>