<?xml version = '1.0' encoding = 'UTF-8'?>
<Table class="oracle.dbtools.crest.model.design.relational.Table" directorySegmentName="seg_0" id="7CAE7A13-BADE-E036-8E53-C338F3A30D1F" name="PLANETA">
<createdBy>litvaluk</createdBy>
<createdTime>2018-04-10 09:47:10 UTC</createdTime>
<generatorID>23F58857-3551-DE48-C5BF-E4E03665C467</generatorID>
<ownerDesignName>vds</ownerDesignName>
<allowColumnReorder>false</allowColumnReorder>
<existDependencyGenerateInDDl>true</existDependencyGenerateInDDl>
<parsed>true</parsed>
<columns itemClass="oracle.dbtools.crest.model.design.relational.Column">
<Column name="PLANETA_KEY" id="3A8995C3-C2B9-C3CF-60D3-6D17A8A0642B">
<createdBy>litvaluk</createdBy>
<createdTime>2018-04-10 09:47:10 UTC</createdTime>
<generatorID>1BAFC679-1FD6-E5ED-8A62-8A3DF7B4759B</generatorID>
<ownerDesignName>vds</ownerDesignName>
<useDomainConstraints>false</useDomainConstraints>
<use>1</use>
<logicalDatatype>LOGDT011</logicalDatatype>
<ownDataTypeParameters>,,</ownDataTypeParameters>
<autoIncrementColumn>true</autoIncrementColumn>
<autoIncrementCycle>false</autoIncrementCycle>
</Column>
<Column name="NAZEV" id="AC78ACF4-9B50-632F-ABD7-772554C9EF4C">
<createdBy>litvaluk</createdBy>
<createdTime>2018-04-10 09:47:10 UTC</createdTime>
<generatorID>88F1153C-EB8A-C270-B41E-33BFE23F5689</generatorID>
<ownerDesignName>vds</ownerDesignName>
<useDomainConstraints>false</useDomainConstraints>
<use>1</use>
<logicalDatatype>LOGDT024</logicalDatatype>
<dataTypeSize>50 CHAR</dataTypeSize>
<ownDataTypeParameters>50 CHAR,,</ownDataTypeParameters>
<autoIncrementCycle>false</autoIncrementCycle>
</Column>
<Column name="HMOTNOST" id="8BB5A28D-34C8-29AF-E403-39EB95695E0B">
<createdBy>litvaluk</createdBy>
<createdTime>2018-04-10 09:47:10 UTC</createdTime>
<generatorID>FBC00D2B-0F63-A630-B39C-7B24CD702C98</generatorID>
<ownerDesignName>vds</ownerDesignName>
<nullsAllowed>true</nullsAllowed>
<useDomainConstraints>false</useDomainConstraints>
<use>1</use>
<logicalDatatype>LOGDT011</logicalDatatype>
<ownDataTypeParameters>,,</ownDataTypeParameters>
<autoIncrementCycle>false</autoIncrementCycle>
</Column>
<Column name="PRUMER" id="2E60D45B-5122-133B-FE73-A2784E211AC3">
<createdBy>litvaluk</createdBy>
<createdTime>2018-04-10 09:47:10 UTC</createdTime>
<generatorID>44C4B873-44FC-BE32-FAA6-7993A3BDFF3E</generatorID>
<ownerDesignName>vds</ownerDesignName>
<nullsAllowed>true</nullsAllowed>
<useDomainConstraints>false</useDomainConstraints>
<use>1</use>
<logicalDatatype>LOGDT011</logicalDatatype>
<ownDataTypeParameters>,,</ownDataTypeParameters>
<autoIncrementCycle>false</autoIncrementCycle>
</Column>
<Column name="SEKTOR_KEY" id="E4BCB9FE-396B-3ABC-A9C1-FE2E004DC1ED">
<createdBy>litvaluk</createdBy>
<createdTime>2018-04-10 09:47:10 UTC</createdTime>
<generatorID>6FA6C12E-D957-3F1F-E392-3D3676703506</generatorID>
<ownerDesignName>vds</ownerDesignName>
<useDomainConstraints>false</useDomainConstraints>
<use>1</use>
<logicalDatatype>LOGDT011</logicalDatatype>
<ownDataTypeParameters>,,</ownDataTypeParameters>
<previousColumn>false</previousColumn>
<autoIncrementCycle>false</autoIncrementCycle>
<associations>
<colAssociation fkAssociation="D6B6E1FA-C050-C94A-41BB-E2C98D26C3B4" referredColumn="B6A32198-21DF-D5F2-372B-42146B37B32C"/>
</associations>
</Column>
</columns>
<indexes itemClass="oracle.dbtools.crest.model.design.relational.Index">
<ind_PK_UK id="1A1127B6-7B3C-009E-B490-288875D34213" name="PLANETA_PK">
<createdBy>litvaluk</createdBy>
<createdTime>2018-04-10 09:47:10 UTC</createdTime>
<generatorID>8543181D-1161-B163-D204-43F66EB1EDFC</generatorID>
<ownerDesignName>vds</ownerDesignName>
<pk>true</pk>
<indexState>Primary Constraint</indexState>
<isSurrogateKey>false</isSurrogateKey>
<indexColumnUsage>
<colUsage columnID="3A8995C3-C2B9-C3CF-60D3-6D17A8A0642B"/>
</indexColumnUsage>
</ind_PK_UK>
<ind_PK_UK id="929E16B9-F8EF-36F5-3A25-D31393886579" name="PLANETA_NAZEV_UN">
<createdBy>litvaluk</createdBy>
<createdTime>2018-04-10 09:47:10 UTC</createdTime>
<generatorID>225D24AC-B307-CE78-6B13-08C45DAC3F17</generatorID>
<ownerDesignName>vds</ownerDesignName>
<indexState>Unique Constraint</indexState>
<isSurrogateKey>false</isSurrogateKey>
<indexColumnUsage>
<colUsage columnID="AC78ACF4-9B50-632F-ABD7-772554C9EF4C"/>
</indexColumnUsage>
</ind_PK_UK>
<ind_PK_UK id="E5ED8247-32CF-D5CA-07FA-14B263DD759A" name="PLANETA_SEKTOR_FK">
<createdBy>litvaluk</createdBy>
<createdTime>2018-04-10 09:47:10 UTC</createdTime>
<generatorID>816F2148-1A6C-39C3-40A8-DC9E95999F4C</generatorID>
<ownerDesignName>vds</ownerDesignName>
<indexState>Foreign Key</indexState>
<isSurrogateKey>false</isSurrogateKey>
<indexColumnUsage>
<colUsage columnID="E4BCB9FE-396B-3ABC-A9C1-FE2E004DC1ED"/>
</indexColumnUsage>
</ind_PK_UK>
</indexes>
</Table>