<?xml version = '1.0' encoding = 'UTF-8'?>
<Table class="oracle.dbtools.crest.model.design.relational.Table" directorySegmentName="seg_0" id="92702B22-E0D4-2883-7762-A14973CE11F3" name="STANICE">
<createdBy>litvaluk</createdBy>
<createdTime>2018-04-10 09:47:10 UTC</createdTime>
<generatorID>F5BA01A7-5031-B64B-32C0-338571B20EE1</generatorID>
<ownerDesignName>vds</ownerDesignName>
<allowColumnReorder>false</allowColumnReorder>
<existDependencyGenerateInDDl>true</existDependencyGenerateInDDl>
<parsed>true</parsed>
<columns itemClass="oracle.dbtools.crest.model.design.relational.Column">
<Column name="STANICE_KEY" id="792BD01C-002B-FAE7-CA53-FA1B4ADD2172">
<createdBy>litvaluk</createdBy>
<createdTime>2018-04-10 09:47:10 UTC</createdTime>
<generatorID>A3640D19-7B78-8C3E-2BE0-6607B79175E0</generatorID>
<ownerDesignName>vds</ownerDesignName>
<useDomainConstraints>false</useDomainConstraints>
<use>1</use>
<logicalDatatype>LOGDT011</logicalDatatype>
<ownDataTypeParameters>,,</ownDataTypeParameters>
<autoIncrementColumn>true</autoIncrementColumn>
<autoIncrementCycle>false</autoIncrementCycle>
</Column>
<Column name="PLANETA_KEY" id="202FD694-F2C3-C45F-E506-91CEE07AC7FB">
<createdBy>litvaluk</createdBy>
<createdTime>2018-04-10 09:47:10 UTC</createdTime>
<generatorID>D682C1EF-8361-DC52-79CD-EBD8F3F08730</generatorID>
<ownerDesignName>vds</ownerDesignName>
<useDomainConstraints>false</useDomainConstraints>
<use>1</use>
<logicalDatatype>LOGDT011</logicalDatatype>
<ownDataTypeParameters>,,</ownDataTypeParameters>
<previousColumn>false</previousColumn>
<autoIncrementCycle>false</autoIncrementCycle>
<associations>
<colAssociation fkAssociation="8436B5A1-AA0D-8950-CBA7-C94DDB1E7F7A" referredColumn="3A8995C3-C2B9-C3CF-60D3-6D17A8A0642B"/>
</associations>
</Column>
<Column name="NAZEV" id="2D0DF583-504D-E33B-4DC2-87E412EC305E">
<createdBy>litvaluk</createdBy>
<createdTime>2018-04-10 09:47:10 UTC</createdTime>
<generatorID>38692C5D-D47F-6051-09FD-05E13A50EBE0</generatorID>
<ownerDesignName>vds</ownerDesignName>
<useDomainConstraints>false</useDomainConstraints>
<use>1</use>
<logicalDatatype>LOGDT024</logicalDatatype>
<dataTypeSize>30</dataTypeSize>
<ownDataTypeParameters>30,,</ownDataTypeParameters>
<autoIncrementCycle>false</autoIncrementCycle>
</Column>
<Column name="POCET_DOKU" id="158A0DCD-9B09-D780-83BB-7B52511972F5">
<createdBy>litvaluk</createdBy>
<createdTime>2018-04-10 09:47:10 UTC</createdTime>
<generatorID>943DBAE2-DA86-7D57-85BB-F320E3536A95</generatorID>
<ownerDesignName>vds</ownerDesignName>
<nullsAllowed>true</nullsAllowed>
<useDomainConstraints>false</useDomainConstraints>
<use>1</use>
<logicalDatatype>LOGDT011</logicalDatatype>
<ownDataTypeParameters>,,</ownDataTypeParameters>
<autoIncrementCycle>false</autoIncrementCycle>
</Column>
</columns>
<indexes itemClass="oracle.dbtools.crest.model.design.relational.Index">
<ind_PK_UK id="E2EDAC39-D1BD-1B66-7DD4-EE9F70B58968" name="STANICE_PK">
<createdBy>litvaluk</createdBy>
<createdTime>2018-04-10 09:47:10 UTC</createdTime>
<generatorID>B6BE64B7-8D4A-EA36-B3CC-55929A665F0C</generatorID>
<ownerDesignName>vds</ownerDesignName>
<pk>true</pk>
<indexState>Primary Constraint</indexState>
<isSurrogateKey>false</isSurrogateKey>
<indexColumnUsage>
<colUsage columnID="792BD01C-002B-FAE7-CA53-FA1B4ADD2172"/>
</indexColumnUsage>
</ind_PK_UK>
<ind_PK_UK id="45F5D3CC-185C-819A-1E12-1E5866BA5178" name="STANICE_NAZEV_UN">
<createdBy>litvaluk</createdBy>
<createdTime>2018-04-10 09:47:10 UTC</createdTime>
<generatorID>E35E97A2-6B5C-B913-005E-8D650CD743C0</generatorID>
<ownerDesignName>vds</ownerDesignName>
<indexState>Unique Constraint</indexState>
<isSurrogateKey>false</isSurrogateKey>
<indexColumnUsage>
<colUsage columnID="2D0DF583-504D-E33B-4DC2-87E412EC305E"/>
</indexColumnUsage>
</ind_PK_UK>
<ind_PK_UK id="C344C587-5AA6-46DD-7693-6536BC102ED5" name="STANICE_PLANETA_FK">
<createdBy>litvaluk</createdBy>
<createdTime>2018-04-10 09:47:10 UTC</createdTime>
<generatorID>8CB4E762-AC29-95AD-578B-9CAD875875A2</generatorID>
<ownerDesignName>vds</ownerDesignName>
<indexState>Foreign Key</indexState>
<isSurrogateKey>false</isSurrogateKey>
<indexColumnUsage>
<colUsage columnID="202FD694-F2C3-C45F-E506-91CEE07AC7FB"/>
</indexColumnUsage>
</ind_PK_UK>
</indexes>
</Table>