<?xml version = '1.0' encoding = 'UTF-8'?>
<Table class="oracle.dbtools.crest.model.design.relational.Table" directorySegmentName="seg_0" id="9F9AEE89-5C28-A1E4-9E2F-F8CA4A3FACFD" name="MECHANIK">
<createdBy>litvaluk</createdBy>
<createdTime>2018-04-10 09:47:10 UTC</createdTime>
<generatorID>CEF06A16-E1F4-EE6C-5CB2-FDFAB2E44537</generatorID>
<ownerDesignName>vds</ownerDesignName>
<allowColumnReorder>false</allowColumnReorder>
<existDependencyGenerateInDDl>true</existDependencyGenerateInDDl>
<parsed>true</parsed>
<columns itemClass="oracle.dbtools.crest.model.design.relational.Column">
<Column name="MECHANIK_KEY" id="2B1BD15B-3746-F027-C08A-70BDCEA6B25C">
<createdBy>litvaluk</createdBy>
<createdTime>2018-04-10 09:47:10 UTC</createdTime>
<generatorID>201956D5-A9B1-17BA-5322-EFF10FCD3A1B</generatorID>
<ownerDesignName>vds</ownerDesignName>
<useDomainConstraints>false</useDomainConstraints>
<use>1</use>
<logicalDatatype>LOGDT011</logicalDatatype>
<ownDataTypeParameters>,,</ownDataTypeParameters>
<autoIncrementColumn>true</autoIncrementColumn>
<autoIncrementCycle>false</autoIncrementCycle>
</Column>
<Column name="ZAMESTNANEC_KEY" id="FA354EEF-57EE-1F29-93CC-C285C5A45606">
<createdBy>litvaluk</createdBy>
<createdTime>2018-04-10 09:47:10 UTC</createdTime>
<generatorID>D9542B0A-12AD-5308-C338-10BE0E015348</generatorID>
<ownerDesignName>vds</ownerDesignName>
<useDomainConstraints>false</useDomainConstraints>
<use>1</use>
<logicalDatatype>LOGDT011</logicalDatatype>
<ownDataTypeParameters>,,</ownDataTypeParameters>
<previousColumn>false</previousColumn>
<autoIncrementCycle>false</autoIncrementCycle>
<associations>
<colAssociation fkAssociation="E0DA41B2-8C4D-04C3-622C-2AAB2D1898E0" referredColumn="D892DBFA-ED6B-99C6-0DF1-CA7BB0A59B9F"/>
</associations>
</Column>
<Column name="ZAMERENI" id="B9235229-C8BD-E17D-22B0-2F4629C618A4">
<createdBy>litvaluk</createdBy>
<createdTime>2018-04-10 09:47:10 UTC</createdTime>
<generatorID>C9713DEA-03CC-C8BE-B0F7-77040A942AE1</generatorID>
<ownerDesignName>vds</ownerDesignName>
<nullsAllowed>true</nullsAllowed>
<useDomainConstraints>false</useDomainConstraints>
<use>1</use>
<logicalDatatype>LOGDT024</logicalDatatype>
<dataTypeSize>20 CHAR</dataTypeSize>
<ownDataTypeParameters>20 CHAR,,</ownDataTypeParameters>
<autoIncrementCycle>false</autoIncrementCycle>
</Column>
</columns>
<indexes itemClass="oracle.dbtools.crest.model.design.relational.Index">
<ind_PK_UK id="1BD4ED36-F983-8C30-D601-5359428E6C5C" name="MECHANIK_PK">
<createdBy>litvaluk</createdBy>
<createdTime>2018-04-10 09:47:10 UTC</createdTime>
<generatorID>73A32874-B96A-561D-4761-D573E8DAFCFA</generatorID>
<ownerDesignName>vds</ownerDesignName>
<pk>true</pk>
<indexState>Primary Constraint</indexState>
<isSurrogateKey>false</isSurrogateKey>
<indexColumnUsage>
<colUsage columnID="FA354EEF-57EE-1F29-93CC-C285C5A45606"/>
<colUsage columnID="2B1BD15B-3746-F027-C08A-70BDCEA6B25C"/>
</indexColumnUsage>
</ind_PK_UK>
<ind_PK_UK id="929CC44B-D175-5D8A-3C20-925DED117510" name="MECHANIK__IDX">
<createdBy>litvaluk</createdBy>
<createdTime>2018-04-10 09:47:10 UTC</createdTime>
<ownerDesignName>vds</ownerDesignName>
<indexState>Unique Plain Index</indexState>
<isSurrogateKey>false</isSurrogateKey>
<relationGeneratorID>34ACA844-F1EE-953D-EDE4-4D19DD402169</relationGeneratorID>
<indexColumnUsage>
<colUsage columnID="FA354EEF-57EE-1F29-93CC-C285C5A45606"/>
</indexColumnUsage>
</ind_PK_UK>
<ind_PK_UK id="E80E8B70-171E-DF19-15EF-99E627F9BF58" name="MECHANIK_ZAMESTNANEC_FK">
<createdBy>litvaluk</createdBy>
<createdTime>2018-04-10 09:47:10 UTC</createdTime>
<generatorID>34ACA844-F1EE-953D-EDE4-4D19DD402169</generatorID>
<ownerDesignName>vds</ownerDesignName>
<indexState>Foreign Key</indexState>
<isSurrogateKey>false</isSurrogateKey>
<indexColumnUsage>
<colUsage columnID="FA354EEF-57EE-1F29-93CC-C285C5A45606"/>
</indexColumnUsage>
</ind_PK_UK>
</indexes>
</Table>