<?xml version = '1.0' encoding = 'UTF-8'?>
<Table class="oracle.dbtools.crest.model.design.relational.Table" directorySegmentName="seg_0" id="B526C8B3-3EBD-9F26-7FC0-D69776891E74" name="LOD">
<createdBy>litvaluk</createdBy>
<createdTime>2018-04-10 09:47:10 UTC</createdTime>
<generatorID>1EF5A091-36B2-F993-9CA6-6A63A412008F</generatorID>
<ownerDesignName>vds</ownerDesignName>
<allowColumnReorder>false</allowColumnReorder>
<existDependencyGenerateInDDl>true</existDependencyGenerateInDDl>
<parsed>true</parsed>
<columns itemClass="oracle.dbtools.crest.model.design.relational.Column">
<Column name="LOD_KEY" id="F41ED5F6-38D7-1C3A-4D6E-B56DD78612C3">
<createdBy>litvaluk</createdBy>
<createdTime>2018-04-10 09:47:10 UTC</createdTime>
<generatorID>3A44AAF7-F232-50DB-FE8A-2E6B916806BB</generatorID>
<ownerDesignName>vds</ownerDesignName>
<useDomainConstraints>false</useDomainConstraints>
<use>1</use>
<logicalDatatype>LOGDT011</logicalDatatype>
<ownDataTypeParameters>,,</ownDataTypeParameters>
<autoIncrementColumn>true</autoIncrementColumn>
<autoIncrementCycle>false</autoIncrementCycle>
</Column>
<Column name="MODEL_KEY" id="A8115EC6-592C-D70E-C701-77B40DEE324F">
<createdBy>litvaluk</createdBy>
<createdTime>2018-04-10 09:47:10 UTC</createdTime>
<generatorID>C0DFF937-505C-ADA4-DBB5-993A05B88797</generatorID>
<ownerDesignName>vds</ownerDesignName>
<useDomainConstraints>false</useDomainConstraints>
<use>1</use>
<logicalDatatype>LOGDT011</logicalDatatype>
<ownDataTypeParameters>,,</ownDataTypeParameters>
<previousColumn>false</previousColumn>
<autoIncrementCycle>false</autoIncrementCycle>
<associations>
<colAssociation fkAssociation="B8097852-6687-7F5B-DC1F-9ACBE5B55858" referredColumn="58C3E68A-34E0-3672-CF54-4C918A2E83E1"/>
</associations>
</Column>
<Column name="NAZEV" id="E8B15263-E3BD-2B83-5AFE-8EBF71A475DD">
<createdBy>litvaluk</createdBy>
<createdTime>2018-04-10 09:47:10 UTC</createdTime>
<generatorID>536253F8-F8B3-9395-5D19-6B28322771D0</generatorID>
<ownerDesignName>vds</ownerDesignName>
<useDomainConstraints>false</useDomainConstraints>
<use>1</use>
<logicalDatatype>LOGDT024</logicalDatatype>
<dataTypeSize>30 CHAR</dataTypeSize>
<ownDataTypeParameters>30 CHAR,,</ownDataTypeParameters>
<autoIncrementCycle>false</autoIncrementCycle>
</Column>
<Column name="BARVA" id="ECA310E7-1A10-5BF3-6B0F-33F3C2118806">
<createdBy>litvaluk</createdBy>
<createdTime>2018-04-10 09:47:10 UTC</createdTime>
<generatorID>95F7B6EF-5814-0421-B132-51B650881709</generatorID>
<ownerDesignName>vds</ownerDesignName>
<nullsAllowed>true</nullsAllowed>
<useDomainConstraints>false</useDomainConstraints>
<use>1</use>
<logicalDatatype>LOGDT024</logicalDatatype>
<dataTypeSize>20 CHAR</dataTypeSize>
<ownDataTypeParameters>20 CHAR,,</ownDataTypeParameters>
<autoIncrementCycle>false</autoIncrementCycle>
</Column>
</columns>
<indexes itemClass="oracle.dbtools.crest.model.design.relational.Index">
<ind_PK_UK id="0BE12F30-6C07-5773-14C1-601F3C80E7C3" name="LOD_PK">
<createdBy>litvaluk</createdBy>
<createdTime>2018-04-10 09:47:10 UTC</createdTime>
<generatorID>610A0849-EF0B-9083-92AC-C547FE88911C</generatorID>
<ownerDesignName>vds</ownerDesignName>
<pk>true</pk>
<indexState>Primary Constraint</indexState>
<isSurrogateKey>false</isSurrogateKey>
<indexColumnUsage>
<colUsage columnID="F41ED5F6-38D7-1C3A-4D6E-B56DD78612C3"/>
</indexColumnUsage>
</ind_PK_UK>
<ind_PK_UK id="4C74B78E-738E-8179-ECE1-FF24F09191DA" name="LOD_NAZEV_UN">
<createdBy>litvaluk</createdBy>
<createdTime>2018-04-10 09:47:10 UTC</createdTime>
<generatorID>5B0A3D6C-E651-40A2-4C21-82A217EC9F84</generatorID>
<ownerDesignName>vds</ownerDesignName>
<indexState>Unique Constraint</indexState>
<isSurrogateKey>false</isSurrogateKey>
<indexColumnUsage>
<colUsage columnID="E8B15263-E3BD-2B83-5AFE-8EBF71A475DD"/>
</indexColumnUsage>
</ind_PK_UK>
<ind_PK_UK id="749ACD39-3029-3734-6F45-E0FF968442C9" name="LOD_MODEL_FK">
<createdBy>litvaluk</createdBy>
<createdTime>2018-04-10 09:47:10 UTC</createdTime>
<generatorID>EE0D62C9-85BC-5440-5240-0D6C0366BE9B</generatorID>
<ownerDesignName>vds</ownerDesignName>
<indexState>Foreign Key</indexState>
<isSurrogateKey>false</isSurrogateKey>
<indexColumnUsage>
<colUsage columnID="A8115EC6-592C-D70E-C701-77B40DEE324F"/>
</indexColumnUsage>
</ind_PK_UK>
</indexes>
</Table>