<?xml version = '1.0' encoding = 'UTF-8'?>
<Table class="oracle.dbtools.crest.model.design.relational.Table" directorySegmentName="seg_0" id="D62038A5-6F74-8F4C-982A-DF04809CF526" name="NAKLADNI">
<createdBy>litvaluk</createdBy>
<createdTime>2018-04-10 09:47:10 UTC</createdTime>
<generatorID>71AE883A-741F-7C9B-7C40-1A660B439414</generatorID>
<ownerDesignName>vds</ownerDesignName>
<allowColumnReorder>false</allowColumnReorder>
<existDependencyGenerateInDDl>true</existDependencyGenerateInDDl>
<parsed>true</parsed>
<columns itemClass="oracle.dbtools.crest.model.design.relational.Column">
<Column name="NAKLADNI_KEY" id="2D5CE181-020A-6C1B-E2E5-8D47F086007F">
<createdBy>litvaluk</createdBy>
<createdTime>2018-04-10 09:47:10 UTC</createdTime>
<generatorID>2D27E36C-B9B4-E98A-8B9F-11CB5E8E8B34</generatorID>
<ownerDesignName>vds</ownerDesignName>
<useDomainConstraints>false</useDomainConstraints>
<use>1</use>
<logicalDatatype>LOGDT011</logicalDatatype>
<ownDataTypeParameters>,,</ownDataTypeParameters>
<autoIncrementColumn>true</autoIncrementColumn>
<autoIncrementCycle>false</autoIncrementCycle>
</Column>
<Column name="Z_STANICE_KEY" id="D9497F47-3E82-E384-DCBA-22EF2F0C3843">
<createdBy>litvaluk</createdBy>
<createdTime>2018-04-10 09:47:10 UTC</createdTime>
<generatorID>52EECC98-C304-2D18-1E12-417C456BAE32</generatorID>
<ownerDesignName>vds</ownerDesignName>
<useDomainConstraints>false</useDomainConstraints>
<use>1</use>
<logicalDatatype>LOGDT011</logicalDatatype>
<ownDataTypeParameters>,,</ownDataTypeParameters>
<previousColumn>false</previousColumn>
<autoIncrementCycle>false</autoIncrementCycle>
<associations>
<colAssociation fkAssociation="C202E09B-7128-9679-A0CF-A887028C5FFE" referredColumn="792BD01C-002B-FAE7-CA53-FA1B4ADD2172"/>
</associations>
</Column>
<Column name="DO_STANICE_KEY" id="D401BB29-9D40-A669-FE33-8952270CDC2F">
<createdBy>litvaluk</createdBy>
<createdTime>2018-04-10 09:47:10 UTC</createdTime>
<generatorID>CD612386-C257-0CF6-BCC6-D3832C2E6017</generatorID>
<ownerDesignName>vds</ownerDesignName>
<useDomainConstraints>false</useDomainConstraints>
<use>1</use>
<logicalDatatype>LOGDT011</logicalDatatype>
<ownDataTypeParameters>,,</ownDataTypeParameters>
<previousColumn>false</previousColumn>
<autoIncrementCycle>false</autoIncrementCycle>
<associations>
<colAssociation fkAssociation="175A00B0-FE64-7680-0D10-255805E537DC" referredColumn="792BD01C-002B-FAE7-CA53-FA1B4ADD2172"/>
</associations>
</Column>
<Column name="ZAMESTNANEC_KEY" id="EEC4E3C0-9233-4C76-16AC-860FCF865AA9">
<createdBy>litvaluk</createdBy>
<createdTime>2018-04-10 09:47:10 UTC</createdTime>
<generatorID>286DD0BE-A8FC-B395-7750-035A05366361</generatorID>
<ownerDesignName>vds</ownerDesignName>
<useDomainConstraints>false</useDomainConstraints>
<use>1</use>
<logicalDatatype>LOGDT011</logicalDatatype>
<ownDataTypeParameters>,,</ownDataTypeParameters>
<previousColumn>false</previousColumn>
<autoIncrementCycle>false</autoIncrementCycle>
<associations>
<colAssociation fkAssociation="09C5D511-B146-0EA3-4B9D-4DCD0362030C" referredColumn="0ADEEF6E-3AD5-7E8C-A5E4-DCCCBCE76F2B"/>
</associations>
</Column>
<Column name="LOD_KEY" id="706D9FC2-5D47-99DB-F9D5-EEE3F401B697">
<createdBy>litvaluk</createdBy>
<createdTime>2018-04-10 09:47:10 UTC</createdTime>
<generatorID>FCFF55B6-1F4C-F94B-40B3-11F7D9E5A24C</generatorID>
<ownerDesignName>vds</ownerDesignName>
<useDomainConstraints>false</useDomainConstraints>
<use>1</use>
<logicalDatatype>LOGDT011</logicalDatatype>
<ownDataTypeParameters>,,</ownDataTypeParameters>
<previousColumn>false</previousColumn>
<autoIncrementCycle>false</autoIncrementCycle>
<associations>
<colAssociation fkAssociation="3B289D37-3869-528B-D0C1-7AEF0E3DB943" referredColumn="F41ED5F6-38D7-1C3A-4D6E-B56DD78612C3"/>
</associations>
</Column>
<Column name="KOD_LETU" id="546A8BC2-5516-C412-5FE1-A8AA11F483B5">
<createdBy>litvaluk</createdBy>
<createdTime>2018-04-10 09:47:10 UTC</createdTime>
<generatorID>63180B77-FF08-A203-E0DC-8872D3B10248</generatorID>
<ownerDesignName>vds</ownerDesignName>
<useDomainConstraints>false</useDomainConstraints>
<use>1</use>
<logicalDatatype>LOGDT024</logicalDatatype>
<dataTypeSize>20 CHAR</dataTypeSize>
<ownDataTypeParameters>20 CHAR,,</ownDataTypeParameters>
<autoIncrementCycle>false</autoIncrementCycle>
</Column>
<Column name="PILOT_KEY" id="A283CAAD-6EA6-0A80-389C-EBCE097C6FB8">
<createdBy>litvaluk</createdBy>
<createdTime>2018-04-10 09:47:10 UTC</createdTime>
<generatorID>F764CDDE-3482-1438-85A9-49FF4202B01E</generatorID>
<ownerDesignName>vds</ownerDesignName>
<useDomainConstraints>false</useDomainConstraints>
<use>1</use>
<logicalDatatype>LOGDT011</logicalDatatype>
<ownDataTypeParameters>,,</ownDataTypeParameters>
<previousColumn>false</previousColumn>
<autoIncrementCycle>false</autoIncrementCycle>
<associations>
<colAssociation fkAssociation="09C5D511-B146-0EA3-4B9D-4DCD0362030C" referredColumn="9B02DE16-BE73-61B3-1EF4-A4F4DD6156A0"/>
</associations>
</Column>
<Column name="NAKLAD" id="0663CD6B-A9C8-7336-7CE3-6CA8CF67E9D9">
<createdBy>litvaluk</createdBy>
<createdTime>2018-04-10 09:47:10 UTC</createdTime>
<generatorID>172C67B2-713D-A61B-776C-350D5A9FE020</generatorID>
<ownerDesignName>vds</ownerDesignName>
<useDomainConstraints>false</useDomainConstraints>
<use>1</use>
<logicalDatatype>LOGDT024</logicalDatatype>
<dataTypeSize>30</dataTypeSize>
<ownDataTypeParameters>30,,</ownDataTypeParameters>
<autoIncrementCycle>false</autoIncrementCycle>
</Column>
<Column name="MNOZSTVI_NAKLADU" id="3307C753-595B-3E6B-BB3D-0C96D4C44A8F">
<createdBy>litvaluk</createdBy>
<createdTime>2018-04-10 09:47:10 UTC</createdTime>
<generatorID>CBD88900-AD15-BFEB-99EA-E85179B7B12B</generatorID>
<ownerDesignName>vds</ownerDesignName>
<useDomainConstraints>false</useDomainConstraints>
<use>1</use>
<logicalDatatype>LOGDT011</logicalDatatype>
<ownDataTypeParameters>,,</ownDataTypeParameters>
<autoIncrementCycle>false</autoIncrementCycle>
</Column>
</columns>
<indexes itemClass="oracle.dbtools.crest.model.design.relational.Index">
<ind_PK_UK id="0093B546-16E4-09CA-85C7-01C1281D0465" name="NAKLADNI_PK">
<createdBy>litvaluk</createdBy>
<createdTime>2018-04-10 09:47:10 UTC</createdTime>
<generatorID>B77C0642-6515-9FA0-36AF-3FF430639BBE</generatorID>
<ownerDesignName>vds</ownerDesignName>
<pk>true</pk>
<indexState>Primary Constraint</indexState>
<isSurrogateKey>false</isSurrogateKey>
<indexColumnUsage>
<colUsage columnID="2D5CE181-020A-6C1B-E2E5-8D47F086007F"/>
</indexColumnUsage>
</ind_PK_UK>
<ind_PK_UK id="C8521211-7EAF-1528-743E-3AE352D1EAF0" name="NAKLADNI_KOD_LETU_UN">
<createdBy>litvaluk</createdBy>
<createdTime>2018-04-10 09:47:10 UTC</createdTime>
<generatorID>F3991ACB-DB26-8CE5-54A7-46914135E3B0</generatorID>
<ownerDesignName>vds</ownerDesignName>
<indexState>Unique Constraint</indexState>
<isSurrogateKey>false</isSurrogateKey>
<indexColumnUsage>
<colUsage columnID="546A8BC2-5516-C412-5FE1-A8AA11F483B5"/>
</indexColumnUsage>
</ind_PK_UK>
<ind_PK_UK id="7B922371-4097-2428-9B78-3A6A726CD0B8" name="NAKLADNI_PILOT_FK">
<createdBy>litvaluk</createdBy>
<createdTime>2018-04-10 09:47:10 UTC</createdTime>
<generatorID>AC9C569D-4AD5-E909-D1C4-B8153F825FCD</generatorID>
<ownerDesignName>vds</ownerDesignName>
<indexState>Foreign Key</indexState>
<isSurrogateKey>false</isSurrogateKey>
<indexColumnUsage>
<colUsage columnID="EEC4E3C0-9233-4C76-16AC-860FCF865AA9"/>
<colUsage columnID="A283CAAD-6EA6-0A80-389C-EBCE097C6FB8"/>
</indexColumnUsage>
</ind_PK_UK>
<ind_PK_UK id="09129103-D9BE-9A6F-E76D-D014D06A5BDC" name="NAKLADNI_LOD_FK">
<createdBy>litvaluk</createdBy>
<createdTime>2018-04-10 09:47:10 UTC</createdTime>
<generatorID>4C2C1FCD-43F1-3083-E336-219859E1B0F2</generatorID>
<ownerDesignName>vds</ownerDesignName>
<indexState>Foreign Key</indexState>
<isSurrogateKey>false</isSurrogateKey>
<indexColumnUsage>
<colUsage columnID="706D9FC2-5D47-99DB-F9D5-EEE3F401B697"/>
</indexColumnUsage>
</ind_PK_UK>
<ind_PK_UK id="BB048021-AF50-DAD5-0FE7-921FA745D0DB" name="NAKLADNI_STANICE_FK">
<createdBy>litvaluk</createdBy>
<createdTime>2018-04-10 09:47:10 UTC</createdTime>
<generatorID>F0E59311-124A-D830-995B-4E32085B1E7A</generatorID>
<ownerDesignName>vds</ownerDesignName>
<indexState>Foreign Key</indexState>
<isSurrogateKey>false</isSurrogateKey>
<indexColumnUsage>
<colUsage columnID="D9497F47-3E82-E384-DCBA-22EF2F0C3843"/>
</indexColumnUsage>
</ind_PK_UK>
<ind_PK_UK id="F4604EEE-D2E0-55E8-2418-26F5E99EF4CB" name="NAKLADNI_STANICE_FKv2">
<createdBy>litvaluk</createdBy>
<createdTime>2018-04-10 09:47:10 UTC</createdTime>
<generatorID>F06498D9-AC84-4AD5-050A-C931DE324EF0</generatorID>
<ownerDesignName>vds</ownerDesignName>
<indexState>Foreign Key</indexState>
<isSurrogateKey>false</isSurrogateKey>
<indexColumnUsage>
<colUsage columnID="D401BB29-9D40-A669-FE33-8952270CDC2F"/>
</indexColumnUsage>
</ind_PK_UK>
</indexes>
</Table>