<?xml version = '1.0' encoding = 'UTF-8'?>
<Diagram class="oracle.dbtools.crest.swingui.logical.DPVLogical" name="Logical" id="62F43674-F89A-A972-AD68-722668D09091">
<createdBy>litvaluk</createdBy>
<modifiedBy>litvaluk</modifiedBy>
<createdTime>2018-03-14 12:41:24 UTC</createdTime>
<autoRoute>false</autoRoute>
<boxInbox>true</boxInbox>
<showLegend>false</showLegend>
<showLabels>true</showLabels>
<showRelAttributes>false</showRelAttributes>
<gridEnabled>false</gridEnabled>
<showGrid>false</showGrid>
<diagramColor>-1</diagramColor>
<display>false</display>
<notation>1</notation>
<objectViews>
<OView class="oracle.dbtools.crest.swingui.logical.TVEntity" oid="1EF5A091-36B2-F993-9CA6-6A63A412008F" otype="Entity" vid="89556C28-D362-1F43-9856-7EC88E3CE701">
<hideElementsInCurrentOnly>false</hideElementsInCurrentOnly>
<bounds x="332" y="340" width="157" height="100"/>
</OView>
<OView class="oracle.dbtools.crest.swingui.logical.TVEntity" oid="23F58857-3551-DE48-C5BF-E4E03665C467" otype="Entity" vid="EA61ABB4-1B16-8D9C-1361-B22EB554C71B">
<hideElementsInCurrentOnly>false</hideElementsInCurrentOnly>
<bounds x="341" y="713" width="150" height="102"/>
</OView>
<OView class="oracle.dbtools.crest.swingui.logical.TVEntity" oid="3D2F7B69-B5A3-E3B1-EE0C-3D7FC9F05D71" otype="Entity" vid="9C0950E9-CD4D-DA48-A741-0BA74F147AF7">
<hideElementsInCurrentOnly>false</hideElementsInCurrentOnly>
<bounds x="58" y="151" width="170" height="96"/>
</OView>
<OView class="oracle.dbtools.crest.swingui.logical.TVEntity" oid="71AE883A-741F-7C9B-7C40-1A660B439414" otype="Entity" vid="0B2C8CE1-48ED-7DD1-F324-25D7F6519A8A">
<hideElementsInCurrentOnly>false</hideElementsInCurrentOnly>
<bounds x="49" y="407" width="165" height="90"/>
</OView>
<OView class="oracle.dbtools.crest.swingui.logical.TVEntity" oid="79A238E3-CE6F-4E80-0D0E-B62740C489FD" otype="Entity" vid="6AB1D2C9-6AE2-3A3D-D496-34820828AC07">
<hideElementsInCurrentOnly>false</hideElementsInCurrentOnly>
<bounds x="598" y="343" width="152" height="91"/>
</OView>
<OView class="oracle.dbtools.crest.swingui.logical.TVEntity" oid="8B319392-84F0-E4B5-98FA-4B6B3F60FFF9" otype="Entity" vid="46694B63-588D-6295-D641-B1778B457E68">
<hideElementsInCurrentOnly>false</hideElementsInCurrentOnly>
<bounds x="56" y="709" width="163" height="108"/>
</OView>
<OView class="oracle.dbtools.crest.swingui.logical.TVEntity" oid="A1C5F5D6-889E-3BBD-5B3C-0B587B85A671" otype="Entity" vid="C3768B9F-B1BC-33D9-614F-EA83D76E9987">
<hideElementsInCurrentOnly>false</hideElementsInCurrentOnly>
<bounds x="592" y="715" width="159" height="96"/>
</OView>
<OView class="oracle.dbtools.crest.swingui.logical.TVEntity" oid="B563079F-D624-9DDF-E7EB-372453F1525A" otype="Entity" vid="341A5FA8-9DFA-3041-F3FB-7969B9A53383">
<hideElementsInCurrentOnly>false</hideElementsInCurrentOnly>
<bounds x="49" y="504" width="167" height="88"/>
</OView>
<OView class="oracle.dbtools.crest.swingui.logical.TVEntity" oid="CEAF0058-2ADC-AA55-BBC1-1F219B014118" otype="Entity" vid="B6805378-E2A3-A3B1-6160-A3CAD841CBE0">
<hideElementsInCurrentOnly>false</hideElementsInCurrentOnly>
<bounds x="37" y="311" width="198" height="291"/>
</OView>
<OView class="oracle.dbtools.crest.swingui.logical.TVEntity" oid="CEF06A16-E1F4-EE6C-5CB2-FDFAB2E44537" otype="Entity" vid="97A90C94-5297-AB99-3885-D8FA84AE5D5F">
<hideElementsInCurrentOnly>false</hideElementsInCurrentOnly>
<bounds x="333" y="151" width="161" height="93"/>
</OView>
<OView class="oracle.dbtools.crest.swingui.logical.TVEntity" oid="D0174A01-A169-17CD-F86E-A4B2ACBC8AE7" otype="Entity" vid="52EA1344-5BE7-3389-3835-0866E704A00F">
<hideElementsInCurrentOnly>false</hideElementsInCurrentOnly>
<bounds x="205" y="4" width="162" height="103"/>
</OView>
<OView class="oracle.dbtools.crest.swingui.TVNote" oid="DD5AC9C7-9EB9-7B76-2BD0-9069E0EF7697" otype="Note" vid="A6021EFA-8E53-6921-8A3A-1B2A6549B7A4">
<hideElementsInCurrentOnly>false</hideElementsInCurrentOnly>
<bounds x="229" y="609" width="181" height="48"/>
<comment>IO1: Nemůže existovat let, který letí do stejné stanice, ze které odlétá.</comment>
</OView>
<OView class="oracle.dbtools.crest.swingui.logical.TVEntity" oid="DE27F636-4353-D6E4-7B3C-E0DDBCEE2513" otype="Entity" vid="94C2ED56-DCDA-213D-DA73-750406801DD7">
<hideElementsInCurrentOnly>false</hideElementsInCurrentOnly>
<bounds x="499" y="25" width="157" height="83"/>
</OView>
<OView class="oracle.dbtools.crest.swingui.logical.TVEntity" oid="F5BA01A7-5031-B64B-32C0-338571B20EE1" otype="Entity" vid="1673C7C8-BE37-933C-64F3-B6FE870D8D5E">
<hideElementsInCurrentOnly>false</hideElementsInCurrentOnly>
<bounds x="333" y="495" width="154" height="96"/>
</OView>
</objectViews>
<connectors>
<Connector class="oracle.dbtools.crest.swingui.logical.TVRelation" oid="2F796C4D-A35F-E991-6F32-147987F80012" otype="Relation" vid_source="52EA1344-5BE7-3389-3835-0866E704A00F" vid_target="94C2ED56-DCDA-213D-DA73-750406801DD7">
<hideElementsInCurrentOnly>false</hideElementsInCurrentOnly>
<backgroundColor>-16777216</backgroundColor>
<lineWidth>1</lineWidth>
<targetLabel class="oracle.dbtools.crest.model.design.Label">
<site>2</site>
<labelBounds x="427" y="44" width="84" height="61"/>
<noBackgroundColor>true</noBackgroundColor>
<noForegroundColor>true</noForegroundColor>
</targetLabel>
<points>
<point x="367" y="66"/>
<point x="499" y="66"/>
</points>
</Connector>
<Connector class="oracle.dbtools.crest.swingui.logical.TVRelation" oid="349C3707-E74C-619D-EB03-AA9942059788" otype="Relation" vid_source="97A90C94-5297-AB99-3885-D8FA84AE5D5F" vid_target="89556C28-D362-1F43-9856-7EC88E3CE701">
<hideElementsInCurrentOnly>false</hideElementsInCurrentOnly>
<backgroundColor>-16777216</backgroundColor>
<lineWidth>1</lineWidth>
<sourceLabel class="oracle.dbtools.crest.model.design.Label">
<site>0</site>
<labelBounds x="411" y="280" width="85" height="30"/>
<noBackgroundColor>true</noBackgroundColor>
<noForegroundColor>true</noForegroundColor>
</sourceLabel>
<points>
<point x="411" y="244"/>
<point x="411" y="340"/>
</points>
</Connector>
<Connector class="oracle.dbtools.crest.swingui.logical.TVRelation" oid="34ACA844-F1EE-953D-EDE4-4D19DD402169" otype="Relation" vid_source="52EA1344-5BE7-3389-3835-0866E704A00F" vid_target="97A90C94-5297-AB99-3885-D8FA84AE5D5F">
<hideElementsInCurrentOnly>false</hideElementsInCurrentOnly>
<backgroundColor>-16777216</backgroundColor>
<lineWidth>1</lineWidth>
<targetLabel class="oracle.dbtools.crest.model.design.Label">
<site>2</site>
<labelBounds x="360" y="116" width="82" height="30"/>
<noBackgroundColor>true</noBackgroundColor>
<noForegroundColor>true</noForegroundColor>
</targetLabel>
<points>
<point x="367" y="78"/>
<point x="418" y="78"/>
<point x="418" y="151"/>
</points>
</Connector>
<Connector class="oracle.dbtools.crest.swingui.logical.TVRelation" oid="4C2C1FCD-43F1-3083-E336-219859E1B0F2" otype="Relation" vid_source="89556C28-D362-1F43-9856-7EC88E3CE701" vid_target="B6805378-E2A3-A3B1-6160-A3CAD841CBE0">
<hideElementsInCurrentOnly>false</hideElementsInCurrentOnly>
<backgroundColor>-16777216</backgroundColor>
<lineWidth>1</lineWidth>
<sourceLabel class="oracle.dbtools.crest.model.design.Label">
<site>0</site>
<labelBounds x="246" y="363" width="80" height="27"/>
<noBackgroundColor>true</noBackgroundColor>
<noForegroundColor>true</noForegroundColor>
</sourceLabel>
<points>
<point x="332" y="390"/>
<point x="235" y="390"/>
</points>
</Connector>
<Connector class="oracle.dbtools.crest.swingui.logical.TVInheritanceRelation" oid="4DA6EB7D-2005-5C52-59E6-A0ADC008A35E" otype="Hierarchy relation" vid_source="B6805378-E2A3-A3B1-6160-A3CAD841CBE0" vid_target="0B2C8CE1-48ED-7DD1-F324-25D7F6519A8A">
<hideElementsInCurrentOnly>false</hideElementsInCurrentOnly>
<backgroundColor>-65536</backgroundColor>
<lineWidth>1</lineWidth>
</Connector>
<Connector class="oracle.dbtools.crest.swingui.logical.TVRelation" oid="65ABDFB2-96C6-D31D-EA0A-ABFBB43206BE" otype="Relation" vid_source="52EA1344-5BE7-3389-3835-0866E704A00F" vid_target="9C0950E9-CD4D-DA48-A741-0BA74F147AF7">
<hideElementsInCurrentOnly>false</hideElementsInCurrentOnly>
<backgroundColor>-16777216</backgroundColor>
<lineWidth>1</lineWidth>
<sourceLabel class="oracle.dbtools.crest.model.design.Label">
<site>0</site>
<labelBounds x="138" y="56" width="61" height="25"/>
<noBackgroundColor>true</noBackgroundColor>
<noForegroundColor>true</noForegroundColor>
</sourceLabel>
<points>
<point x="205" y="81"/>
<point x="141" y="81"/>
<point x="141" y="151"/>
</points>
</Connector>
<Connector class="oracle.dbtools.crest.swingui.logical.TVInheritanceRelation" oid="6EFA2535-4FDE-7767-63EB-28F4D5289A0E" otype="Hierarchy relation" vid_source="B6805378-E2A3-A3B1-6160-A3CAD841CBE0" vid_target="341A5FA8-9DFA-3041-F3FB-7969B9A53383">
<hideElementsInCurrentOnly>false</hideElementsInCurrentOnly>
<backgroundColor>-65536</backgroundColor>
<lineWidth>1</lineWidth>
</Connector>
<Connector class="oracle.dbtools.crest.swingui.logical.TVRelation" oid="816F2148-1A6C-39C3-40A8-DC9E95999F4C" otype="Relation" vid_source="C3768B9F-B1BC-33D9-614F-EA83D76E9987" vid_target="EA61ABB4-1B16-8D9C-1361-B22EB554C71B">
<hideElementsInCurrentOnly>false</hideElementsInCurrentOnly>
<backgroundColor>-16777216</backgroundColor>
<lineWidth>1</lineWidth>
<sourceLabel class="oracle.dbtools.crest.model.design.Label">
<site>0</site>
<labelBounds x="528" y="738" width="58" height="25"/>
<noBackgroundColor>true</noBackgroundColor>
<noForegroundColor>true</noForegroundColor>
</sourceLabel>
<points>
<point x="592" y="763"/>
<point x="491" y="763"/>
</points>
</Connector>
<Connector class="oracle.dbtools.crest.swingui.logical.TVRelation" oid="8CB4E762-AC29-95AD-578B-9CAD875875A2" otype="Relation" vid_source="EA61ABB4-1B16-8D9C-1361-B22EB554C71B" vid_target="1673C7C8-BE37-933C-64F3-B6FE870D8D5E">
<hideElementsInCurrentOnly>false</hideElementsInCurrentOnly>
<backgroundColor>-16777216</backgroundColor>
<lineWidth>1</lineWidth>
<sourceLabel class="oracle.dbtools.crest.model.design.Label">
<site>0</site>
<labelBounds x="414" y="677" width="82" height="30"/>
<noBackgroundColor>true</noBackgroundColor>
<noForegroundColor>true</noForegroundColor>
</sourceLabel>
<points>
<point x="414" y="713"/>
<point x="414" y="591"/>
</points>
</Connector>
<Connector class="oracle.dbtools.crest.swingui.logical.TVRelation" oid="AC9C569D-4AD5-E909-D1C4-B8153F825FCD" otype="Relation" vid_source="9C0950E9-CD4D-DA48-A741-0BA74F147AF7" vid_target="B6805378-E2A3-A3B1-6160-A3CAD841CBE0">
<hideElementsInCurrentOnly>false</hideElementsInCurrentOnly>
<backgroundColor>-16777216</backgroundColor>
<lineWidth>1</lineWidth>
<sourceLabel class="oracle.dbtools.crest.model.design.Label">
<site>0</site>
<labelBounds x="143" y="276" width="44" height="23"/>
<noBackgroundColor>true</noBackgroundColor>
<noForegroundColor>true</noForegroundColor>
</sourceLabel>
<points>
<point x="143" y="247"/>
<point x="143" y="311"/>
</points>
</Connector>
<Connector class="oracle.dbtools.crest.swingui.logical.TVRelation" oid="EBF1D44D-83F1-90F9-1F4B-B90DD324EFB9" otype="Relation" vid_source="341A5FA8-9DFA-3041-F3FB-7969B9A53383" vid_target="46694B63-588D-6295-D641-B1778B457E68">
<hideElementsInCurrentOnly>false</hideElementsInCurrentOnly>
<backgroundColor>-16777216</backgroundColor>
<lineWidth>1</lineWidth>
<targetLabel class="oracle.dbtools.crest.model.design.Label">
<site>2</site>
<labelBounds x="105" y="660" width="30" height="44"/>
<noBackgroundColor>true</noBackgroundColor>
<noForegroundColor>true</noForegroundColor>
</targetLabel>
<points>
<point x="136" y="592"/>
<point x="136" y="709"/>
</points>
</Connector>
<Connector class="oracle.dbtools.crest.swingui.logical.TVRelation" oid="EE0D62C9-85BC-5440-5240-0D6C0366BE9B" otype="Relation" vid_source="6AB1D2C9-6AE2-3A3D-D496-34820828AC07" vid_target="89556C28-D362-1F43-9856-7EC88E3CE701">
<hideElementsInCurrentOnly>false</hideElementsInCurrentOnly>
<backgroundColor>-16777216</backgroundColor>
<lineWidth>1</lineWidth>
<sourceLabel class="oracle.dbtools.crest.model.design.Label">
<site>0</site>
<labelBounds x="518" y="361" width="74" height="27"/>
<noBackgroundColor>true</noBackgroundColor>
<noForegroundColor>true</noForegroundColor>
</sourceLabel>
<points>
<point x="598" y="388"/>
<point x="489" y="388"/>
</points>
</Connector>
<Connector class="oracle.dbtools.crest.swingui.logical.TVRelation" oid="EE7B3234-D516-CED4-73BC-2FA3ACAF245D" otype="Relation" vid_source="EA61ABB4-1B16-8D9C-1361-B22EB554C71B" vid_target="46694B63-588D-6295-D641-B1778B457E68">
<hideElementsInCurrentOnly>false</hideElementsInCurrentOnly>
<backgroundColor>-16777216</backgroundColor>
<lineWidth>1</lineWidth>
<sourceLabel class="oracle.dbtools.crest.model.design.Label">
<site>0</site>
<labelBounds x="219" y="735" width="116" height="29"/>
<noBackgroundColor>true</noBackgroundColor>
<noForegroundColor>true</noForegroundColor>
</sourceLabel>
<points>
<point x="341" y="764"/>
<point x="219" y="764"/>
</points>
</Connector>
<Connector class="oracle.dbtools.crest.swingui.logical.TVRelation" oid="F06498D9-AC84-4AD5-050A-C931DE324EF0" otype="Relation" vid_source="1673C7C8-BE37-933C-64F3-B6FE870D8D5E" vid_target="B6805378-E2A3-A3B1-6160-A3CAD841CBE0">
<hideElementsInCurrentOnly>false</hideElementsInCurrentOnly>
<backgroundColor>-16777216</backgroundColor>
<lineWidth>1</lineWidth>
<sourceLabel class="oracle.dbtools.crest.model.design.Label">
<site>0</site>
<labelBounds x="274" y="544" width="53" height="20"/>
<noBackgroundColor>true</noBackgroundColor>
<noForegroundColor>true</noForegroundColor>
</sourceLabel>
<points>
<point x="333" y="564"/>
<point x="235" y="564"/>
</points>
</Connector>
<Connector class="oracle.dbtools.crest.swingui.logical.TVRelation" oid="F0E59311-124A-D830-995B-4E32085B1E7A" otype="Relation" vid_source="1673C7C8-BE37-933C-64F3-B6FE870D8D5E" vid_target="B6805378-E2A3-A3B1-6160-A3CAD841CBE0">
<hideElementsInCurrentOnly>false</hideElementsInCurrentOnly>
<backgroundColor>-16777216</backgroundColor>
<lineWidth>1</lineWidth>
<sourceLabel class="oracle.dbtools.crest.model.design.Label">
<site>0</site>
<labelBounds x="274" y="510" width="53" height="21"/>
<noBackgroundColor>true</noBackgroundColor>
<noForegroundColor>true</noForegroundColor>
</sourceLabel>
<points>
<point x="333" y="531"/>
<point x="235" y="531"/>
</points>
</Connector>
</connectors>
</Diagram>