<?xml version = '1.0' encoding = 'UTF-8'?>
<Diagram class="oracle.dbtools.crest.swingui.relational.DPVRelational" name="Relational_1" id="A5B9DD89-EB67-463B-4699-689CD989F16B">
<createdBy>litvaluk</createdBy>
<modifiedBy>litvaluk</modifiedBy>
<createdTime>2018-04-10 09:46:47 UTC</createdTime>
<autoRoute>false</autoRoute>
<boxInbox>true</boxInbox>
<showLegend>false</showLegend>
<showLabels>false</showLabels>
<showRelAttributes>false</showRelAttributes>
<gridEnabled>false</gridEnabled>
<showGrid>false</showGrid>
<diagramColor>-1</diagramColor>
<display>false</display>
<notation>1</notation>
<objectViews>
<OView class="oracle.dbtools.crest.swingui.relational.TVTable" oid="0F89B137-3189-D580-E60C-B0AEE07CE402" otype="Table" vid="69A07E1C-CF60-F593-EA70-D0B16CB45307">
<hideElementsInCurrentOnly>false</hideElementsInCurrentOnly>
<bounds x="1214" y="211" width="342" height="114"/>
</OView>
<OView class="oracle.dbtools.crest.swingui.relational.TVTable" oid="15F7F893-390A-A597-0968-27E828258C0A" otype="Table" vid="39CBAD36-0013-D610-6F65-C3BCFB7361BF">
<hideElementsInCurrentOnly>false</hideElementsInCurrentOnly>
<bounds x="204" y="747" width="268" height="103"/>
</OView>
<OView class="oracle.dbtools.crest.swingui.relational.TVTable" oid="1A4E58E4-1AC2-469C-3020-E2BE2BF09211" otype="Table" vid="9370C7FF-0157-04F1-D238-8BC5B2E6A26A">
<hideElementsInCurrentOnly>false</hideElementsInCurrentOnly>
<bounds x="1279" y="651" width="218" height="97"/>
</OView>
<OView class="oracle.dbtools.crest.swingui.relational.TVTable" oid="2159AE0F-43AA-D89D-1F01-44074BFBE7D0" otype="Table" vid="6CF13937-6A78-C2B4-24CB-AE53EBE22DD7">
<hideElementsInCurrentOnly>false</hideElementsInCurrentOnly>
<bounds x="209" y="444" width="278" height="220"/>
</OView>
<OView class="oracle.dbtools.crest.swingui.relational.TVTable" oid="2D60C87C-C89B-50C5-F6AE-FE0821128403" otype="Table" vid="13A3A707-04A9-5B84-6760-3C32FC3A4F59">
<hideElementsInCurrentOnly>false</hideElementsInCurrentOnly>
<bounds x="1300" y="929" width="186" height="88"/>
</OView>
<OView class="oracle.dbtools.crest.swingui.relational.TVTable" oid="4B18469E-058B-E0AD-1E1B-70A26AD9EF0F" otype="Table" vid="C4126D70-2C29-8AB6-1B67-470F0ACD1145">
<hideElementsInCurrentOnly>false</hideElementsInCurrentOnly>
<bounds x="14" y="19" width="288" height="108"/>
</OView>
<OView class="oracle.dbtools.crest.swingui.relational.TVTable" oid="52DE44D8-4A74-7A80-2F33-7593A7DBE87D" otype="Table" vid="FA9B39B0-E123-D377-ED41-B710FBEBAF4D">
<hideElementsInCurrentOnly>false</hideElementsInCurrentOnly>
<bounds x="213" y="194" width="261" height="139"/>
</OView>
<OView class="oracle.dbtools.crest.swingui.relational.TVTable" oid="545EC6FD-0EA3-0479-BE1F-B67476CB109E" otype="Table" vid="C81CC354-7BDB-2844-4BD8-AECCF8F04BDF">
<hideElementsInCurrentOnly>false</hideElementsInCurrentOnly>
<bounds x="440" y="28" width="223" height="96"/>
</OView>
<OView class="oracle.dbtools.crest.swingui.relational.TVTable" oid="7CAE7A13-BADE-E036-8E53-C338F3A30D1F" otype="Table" vid="5E286517-2FDA-8B43-5C0D-B57AB5B0BF99">
<hideElementsInCurrentOnly>false</hideElementsInCurrentOnly>
<bounds x="768" y="894" width="240" height="143"/>
</OView>
<OView class="oracle.dbtools.crest.swingui.relational.TVTable" oid="92702B22-E0D4-2883-7762-A14973CE11F3" otype="Table" vid="4106CE33-70AC-CEC1-8FF8-0381213709D7">
<hideElementsInCurrentOnly>false</hideElementsInCurrentOnly>
<bounds x="761" y="585" width="219" height="127"/>
</OView>
<OView class="oracle.dbtools.crest.swingui.relational.TVTable" oid="999865F2-4369-B73E-64AA-8FD46C895196" otype="Table" vid="A40B9AFB-2A76-CF85-F06A-DAAF11A82F54">
<hideElementsInCurrentOnly>false</hideElementsInCurrentOnly>
<bounds x="210" y="908" width="261" height="127"/>
</OView>
<OView class="oracle.dbtools.crest.swingui.relational.TVTable" oid="9F9AEE89-5C28-A1E4-9E2F-F8CA4A3FACFD" otype="Table" vid="FEAA9371-53B6-F2F6-4C7C-427318CC3FD7">
<hideElementsInCurrentOnly>false</hideElementsInCurrentOnly>
<bounds x="1219" y="39" width="302" height="122"/>
</OView>
<OView class="oracle.dbtools.crest.swingui.relational.TVTable" oid="B526C8B3-3EBD-9F26-7FC0-D69776891E74" otype="Table" vid="20F9D7C7-AACD-299A-5DC9-EDA96A58A25E">
<hideElementsInCurrentOnly>false</hideElementsInCurrentOnly>
<bounds x="1257" y="430" width="257" height="129"/>
</OView>
<OView class="oracle.dbtools.crest.swingui.relational.TVTable" oid="D62038A5-6F74-8F4C-982A-DF04809CF526" otype="Table" vid="B049623C-B83C-B4B8-5B10-4B6C73AAB284">
<hideElementsInCurrentOnly>false</hideElementsInCurrentOnly>
<bounds x="665" y="220" width="312" height="233"/>
</OView>
</objectViews>
<connectors>
<Connector class="oracle.dbtools.crest.swingui.relational.TVFKRelation" oid="0072533E-E5DA-2ABF-6465-E49ED60CD1BC" otype="FKIndexAssociation" vid_source="20F9D7C7-AACD-299A-5DC9-EDA96A58A25E" vid_target="69A07E1C-CF60-F593-EA70-D0B16CB45307">
<hideElementsInCurrentOnly>false</hideElementsInCurrentOnly>
<backgroundColor>-16777216</backgroundColor>
<lineWidth>1</lineWidth>
<points>
<point x="1385" y="430"/>
<point x="1385" y="325"/>
</points>
</Connector>
<Connector class="oracle.dbtools.crest.swingui.relational.TVFKRelation" oid="09C5D511-B146-0EA3-4B9D-4DCD0362030C" otype="FKIndexAssociation" vid_source="FA9B39B0-E123-D377-ED41-B710FBEBAF4D" vid_target="B049623C-B83C-B4B8-5B10-4B6C73AAB284">
<hideElementsInCurrentOnly>false</hideElementsInCurrentOnly>
<backgroundColor>-16777216</backgroundColor>
<lineWidth>1</lineWidth>
<points>
<point x="474" y="276"/>
<point x="665" y="276"/>
</points>
</Connector>
<Connector class="oracle.dbtools.crest.swingui.relational.TVFKRelation" oid="175A00B0-FE64-7680-0D10-255805E537DC" otype="FKIndexAssociation" vid_source="4106CE33-70AC-CEC1-8FF8-0381213709D7" vid_target="B049623C-B83C-B4B8-5B10-4B6C73AAB284">
<hideElementsInCurrentOnly>false</hideElementsInCurrentOnly>
<backgroundColor>-16777216</backgroundColor>
<lineWidth>1</lineWidth>
<points>
<point x="884" y="585"/>
<point x="884" y="453"/>
</points>
</Connector>
<Connector class="oracle.dbtools.crest.swingui.relational.TVFKRelation" oid="23A967E5-98DC-F8B0-E85D-70BD2B9B7DDD" otype="FKIndexAssociation" vid_source="5E286517-2FDA-8B43-5C0D-B57AB5B0BF99" vid_target="A40B9AFB-2A76-CF85-F06A-DAAF11A82F54">
<hideElementsInCurrentOnly>false</hideElementsInCurrentOnly>
<backgroundColor>-16777216</backgroundColor>
<lineWidth>1</lineWidth>
<points>
<point x="768" y="971"/>
<point x="471" y="971"/>
</points>
</Connector>
<Connector class="oracle.dbtools.crest.swingui.relational.TVFKRelation" oid="23D5E49C-D88D-8342-8823-6FDBD3D1F5D0" otype="FKIndexAssociation" vid_source="FA9B39B0-E123-D377-ED41-B710FBEBAF4D" vid_target="6CF13937-6A78-C2B4-24CB-AE53EBE22DD7">
<hideElementsInCurrentOnly>false</hideElementsInCurrentOnly>
<backgroundColor>-16777216</backgroundColor>
<lineWidth>1</lineWidth>
<points>
<point x="343" y="333"/>
<point x="343" y="444"/>
</points>
</Connector>
<Connector class="oracle.dbtools.crest.swingui.relational.TVFKRelation" oid="3B289D37-3869-528B-D0C1-7AEF0E3DB943" otype="FKIndexAssociation" vid_source="20F9D7C7-AACD-299A-5DC9-EDA96A58A25E" vid_target="B049623C-B83C-B4B8-5B10-4B6C73AAB284">
<hideElementsInCurrentOnly>false</hideElementsInCurrentOnly>
<backgroundColor>-16777216</backgroundColor>
<lineWidth>1</lineWidth>
<points>
<point x="1257" y="441"/>
<point x="977" y="441"/>
</points>
</Connector>
<Connector class="oracle.dbtools.crest.swingui.relational.TVFKRelation" oid="458867F8-DEBF-CF25-CE73-0C0C9361F6D6" otype="FKIndexAssociation" vid_source="A40B9AFB-2A76-CF85-F06A-DAAF11A82F54" vid_target="39CBAD36-0013-D610-6F65-C3BCFB7361BF">
<hideElementsInCurrentOnly>false</hideElementsInCurrentOnly>
<backgroundColor>-16777216</backgroundColor>
<lineWidth>1</lineWidth>
<points>
<point x="340" y="908"/>
<point x="340" y="850"/>
</points>
</Connector>
<Connector class="oracle.dbtools.crest.swingui.relational.TVFKRelation" oid="6A266554-2CB0-19BF-B25C-C3B2FEBE09DB" otype="FKIndexAssociation" vid_source="C81CC354-7BDB-2844-4BD8-AECCF8F04BDF" vid_target="C4126D70-2C29-8AB6-1B67-470F0ACD1145">
<hideElementsInCurrentOnly>false</hideElementsInCurrentOnly>
<backgroundColor>-16777216</backgroundColor>
<lineWidth>1</lineWidth>
<points>
<point x="440" y="76"/>
<point x="302" y="76"/>
</points>
</Connector>
<Connector class="oracle.dbtools.crest.swingui.relational.TVFKRelation" oid="807D1EC5-BD38-7493-E6EC-CC17CE27720F" otype="FKIndexAssociation" vid_source="6CF13937-6A78-C2B4-24CB-AE53EBE22DD7" vid_target="39CBAD36-0013-D610-6F65-C3BCFB7361BF">
<hideElementsInCurrentOnly>false</hideElementsInCurrentOnly>
<backgroundColor>-16777216</backgroundColor>
<lineWidth>1</lineWidth>
<points>
<point x="340" y="664"/>
<point x="340" y="747"/>
</points>
</Connector>
<Connector class="oracle.dbtools.crest.swingui.relational.TVFKRelation" oid="8436B5A1-AA0D-8950-CBA7-C94DDB1E7F7A" otype="FKIndexAssociation" vid_source="5E286517-2FDA-8B43-5C0D-B57AB5B0BF99" vid_target="4106CE33-70AC-CEC1-8FF8-0381213709D7">
<hideElementsInCurrentOnly>false</hideElementsInCurrentOnly>
<backgroundColor>-16777216</backgroundColor>
<lineWidth>1</lineWidth>
<points>
<point x="874" y="894"/>
<point x="874" y="712"/>
</points>
</Connector>
<Connector class="oracle.dbtools.crest.swingui.relational.TVFKRelation" oid="8534B84E-C21B-DFEC-979C-6296EBF61635" otype="FKIndexAssociation" vid_source="4106CE33-70AC-CEC1-8FF8-0381213709D7" vid_target="6CF13937-6A78-C2B4-24CB-AE53EBE22DD7">
<hideElementsInCurrentOnly>false</hideElementsInCurrentOnly>
<backgroundColor>-16777216</backgroundColor>
<lineWidth>1</lineWidth>
<points>
<point x="761" y="639"/>
<point x="487" y="639"/>
</points>
</Connector>
<Connector class="oracle.dbtools.crest.swingui.relational.TVFKRelation" oid="9324CACE-07AB-30CC-0E32-96EE745C353C" otype="FKIndexAssociation" vid_source="C81CC354-7BDB-2844-4BD8-AECCF8F04BDF" vid_target="FA9B39B0-E123-D377-ED41-B710FBEBAF4D">
<hideElementsInCurrentOnly>false</hideElementsInCurrentOnly>
<backgroundColor>-16777216</backgroundColor>
<lineWidth>1</lineWidth>
<points>
<point x="457" y="124"/>
<point x="457" y="194"/>
</points>
</Connector>
<Connector class="oracle.dbtools.crest.swingui.relational.TVFKRelation" oid="B8097852-6687-7F5B-DC1F-9ACBE5B55858" otype="FKIndexAssociation" vid_source="9370C7FF-0157-04F1-D238-8BC5B2E6A26A" vid_target="20F9D7C7-AACD-299A-5DC9-EDA96A58A25E">
<hideElementsInCurrentOnly>false</hideElementsInCurrentOnly>
<backgroundColor>-16777216</backgroundColor>
<lineWidth>1</lineWidth>
<points>
<point x="1388" y="651"/>
<point x="1388" y="559"/>
</points>
</Connector>
<Connector class="oracle.dbtools.crest.swingui.relational.TVFKRelation" oid="C202E09B-7128-9679-A0CF-A887028C5FFE" otype="FKIndexAssociation" vid_source="4106CE33-70AC-CEC1-8FF8-0381213709D7" vid_target="B049623C-B83C-B4B8-5B10-4B6C73AAB284">
<hideElementsInCurrentOnly>false</hideElementsInCurrentOnly>
<backgroundColor>-16777216</backgroundColor>
<lineWidth>1</lineWidth>
<points>
<point x="869" y="585"/>
<point x="869" y="453"/>
</points>
</Connector>
<Connector class="oracle.dbtools.crest.swingui.relational.TVFKRelation" oid="C64EE727-0745-D45B-D115-54F038E99A4F" otype="FKIndexAssociation" vid_source="FEAA9371-53B6-F2F6-4C7C-427318CC3FD7" vid_target="69A07E1C-CF60-F593-EA70-D0B16CB45307">
<hideElementsInCurrentOnly>false</hideElementsInCurrentOnly>
<backgroundColor>-16777216</backgroundColor>
<lineWidth>1</lineWidth>
<points>
<point x="1370" y="161"/>
<point x="1370" y="211"/>
</points>
</Connector>
<Connector class="oracle.dbtools.crest.swingui.relational.TVFKRelation" oid="D6B6E1FA-C050-C94A-41BB-E2C98D26C3B4" otype="FKIndexAssociation" vid_source="13A3A707-04A9-5B84-6760-3C32FC3A4F59" vid_target="5E286517-2FDA-8B43-5C0D-B57AB5B0BF99">
<hideElementsInCurrentOnly>false</hideElementsInCurrentOnly>
<backgroundColor>-16777216</backgroundColor>
<lineWidth>1</lineWidth>
<points>
<point x="1300" y="973"/>
<point x="1008" y="973"/>
</points>
</Connector>
<Connector class="oracle.dbtools.crest.swingui.relational.TVFKRelation" oid="E0DA41B2-8C4D-04C3-622C-2AAB2D1898E0" otype="FKIndexAssociation" vid_source="C81CC354-7BDB-2844-4BD8-AECCF8F04BDF" vid_target="FEAA9371-53B6-F2F6-4C7C-427318CC3FD7">
<hideElementsInCurrentOnly>false</hideElementsInCurrentOnly>
<backgroundColor>-16777216</backgroundColor>
<lineWidth>1</lineWidth>
<points>
<point x="663" y="81"/>
<point x="1219" y="81"/>
</points>
</Connector>
<Connector class="oracle.dbtools.crest.swingui.relational.TVFKRelation" oid="E7D64AEA-6404-357A-398F-6A7BFA5A503C" otype="FKIndexAssociation" vid_source="20F9D7C7-AACD-299A-5DC9-EDA96A58A25E" vid_target="6CF13937-6A78-C2B4-24CB-AE53EBE22DD7">
<hideElementsInCurrentOnly>false</hideElementsInCurrentOnly>
<backgroundColor>-16777216</backgroundColor>
<lineWidth>1</lineWidth>
<points>
<point x="1257" y="501"/>
<point x="487" y="501"/>
</points>
</Connector>
<Connector class="oracle.dbtools.crest.swingui.relational.TVFKRelation" oid="F5049658-FA67-34C0-6D92-4F761A769857" otype="FKIndexAssociation" vid_source="4106CE33-70AC-CEC1-8FF8-0381213709D7" vid_target="6CF13937-6A78-C2B4-24CB-AE53EBE22DD7">
<hideElementsInCurrentOnly>false</hideElementsInCurrentOnly>
<backgroundColor>-16777216</backgroundColor>
<lineWidth>1</lineWidth>
<points>
<point x="761" y="624"/>
<point x="487" y="624"/>
</points>
</Connector>
</connectors>
</Diagram>