<?xml version = '1.0' encoding = 'UTF-8'?>
<Relation class="oracle.dbtools.crest.model.design.logical.Relation" name="Relation_17" directorySegmentName="seg_0" id="349C3707-E74C-619D-EB03-AA9942059788">
<createdBy>litvaluk</createdBy>
<createdTime>2018-03-16 16:49:47 UTC</createdTime>
<ownerDesignName>vds</ownerDesignName>
<engineerTo>
<item key="FB1D4651-DB5A-A48B-0CE7-70F3D73FDF47" value="true"/>
</engineerTo>
<identifying>false</identifying>
<nameOnSource>ma na starosti</nameOnSource>
<optionalSource>true</optionalSource>
<optionalTarget>true</optionalTarget>
<sourceCardinality>*</sourceCardinality>
<sourceEntity>CEF06A16-E1F4-EE6C-5CB2-FDFAB2E44537</sourceEntity>
<targetCardinalityString>*</targetCardinalityString>
<targetEntity>1EF5A091-36B2-F993-9CA6-6A63A412008F</targetEntity>
<transferable>true</transferable>
<deleteRule>NO ACTION</deleteRule>
</Relation>