<?xml version = '1.0' encoding = 'UTF-8'?>
<Relation class="oracle.dbtools.crest.model.design.logical.Relation" name="Relation_13" directorySegmentName="seg_0" id="34ACA844-F1EE-953D-EDE4-4D19DD402169">
<createdBy>litvaluk</createdBy>
<createdTime>2018-03-14 13:46:58 UTC</createdTime>
<ownerDesignName>vds</ownerDesignName>
<engineerTo>
<item key="FB1D4651-DB5A-A48B-0CE7-70F3D73FDF47" value="true"/>
</engineerTo>
<sourcePk>3D6FFD18-D99B-5FF6-FBED-6AEC60558AE6</sourcePk>
<identifying>true</identifying>
<nameOnTarget>muze byt</nameOnTarget>
<optionalSource>true</optionalSource>
<optionalTarget>false</optionalTarget>
<sourceCardinality>1</sourceCardinality>
<sourceEntity>D0174A01-A169-17CD-F86E-A4B2ACBC8AE7</sourceEntity>
<targetCardinalityString>1</targetCardinalityString>
<targetEntity>CEF06A16-E1F4-EE6C-5CB2-FDFAB2E44537</targetEntity>
<transferable>true</transferable>
<deleteRule>NO ACTION</deleteRule>
</Relation>