<?xml version = '1.0' encoding = 'UTF-8'?>
<Relation class="oracle.dbtools.crest.model.design.logical.Relation" name="Relation_18" directorySegmentName="seg_0" id="4C2C1FCD-43F1-3083-E336-219859E1B0F2">
<createdBy>litvaluk</createdBy>
<createdTime>2018-03-16 16:50:41 UTC</createdTime>
<ownerDesignName>vds</ownerDesignName>
<engineerTo>
<item key="FB1D4651-DB5A-A48B-0CE7-70F3D73FDF47" value="true"/>
</engineerTo>
<sourcePk>610A0849-EF0B-9083-92AC-C547FE88911C</sourcePk>
<identifying>false</identifying>
<nameOnSource>prostredkem je</nameOnSource>
<optionalSource>true</optionalSource>
<optionalTarget>false</optionalTarget>
<sourceCardinality>1</sourceCardinality>
<sourceEntity>1EF5A091-36B2-F993-9CA6-6A63A412008F</sourceEntity>
<targetCardinalityString>*</targetCardinalityString>
<targetEntity>CEAF0058-2ADC-AA55-BBC1-1F219B014118</targetEntity>
<transferable>true</transferable>
<deleteRule>NO ACTION</deleteRule>
</Relation>