<?xml version = '1.0' encoding = 'UTF-8'?>
<Relation class="oracle.dbtools.crest.model.design.logical.Relation" name="Relation_12" directorySegmentName="seg_0" id="65ABDFB2-96C6-D31D-EA0A-ABFBB43206BE">
<createdBy>litvaluk</createdBy>
<createdTime>2018-03-14 13:46:08 UTC</createdTime>
<ownerDesignName>vds</ownerDesignName>
<engineerTo>
<item key="FB1D4651-DB5A-A48B-0CE7-70F3D73FDF47" value="true"/>
</engineerTo>
<sourcePk>3D6FFD18-D99B-5FF6-FBED-6AEC60558AE6</sourcePk>
<identifying>true</identifying>
<nameOnSource>muze byt</nameOnSource>
<optionalSource>true</optionalSource>
<optionalTarget>false</optionalTarget>
<sourceCardinality>1</sourceCardinality>
<sourceEntity>D0174A01-A169-17CD-F86E-A4B2ACBC8AE7</sourceEntity>
<targetCardinalityString>1</targetCardinalityString>
<targetEntity>3D2F7B69-B5A3-E3B1-EE0C-3D7FC9F05D71</targetEntity>
<transferable>true</transferable>
<deleteRule>NO ACTION</deleteRule>
</Relation>