<?xml version = '1.0' encoding = 'UTF-8'?>
<Relation class="oracle.dbtools.crest.model.design.logical.Relation" name="Relation_3" directorySegmentName="seg_0" id="816F2148-1A6C-39C3-40A8-DC9E95999F4C">
<createdBy>litvaluk</createdBy>
<createdTime>2018-03-14 13:40:02 UTC</createdTime>
<ownerDesignName>vds</ownerDesignName>
<engineerTo>
<item key="FB1D4651-DB5A-A48B-0CE7-70F3D73FDF47" value="true"/>
</engineerTo>
<sourcePk>FC731A46-9078-53A6-BCCA-66228B864473</sourcePk>
<identifying>false</identifying>
<nameOnSource>je v</nameOnSource>
<optionalSource>true</optionalSource>
<optionalTarget>false</optionalTarget>
<sourceCardinality>1</sourceCardinality>
<sourceEntity>A1C5F5D6-889E-3BBD-5B3C-0B587B85A671</sourceEntity>
<targetCardinalityString>*</targetCardinalityString>
<targetEntity>23F58857-3551-DE48-C5BF-E4E03665C467</targetEntity>
<transferable>true</transferable>
<deleteRule>NO ACTION</deleteRule>
</Relation>