<?xml version = '1.0' encoding = 'UTF-8'?>
<Relation class="oracle.dbtools.crest.model.design.logical.Relation" name="Relation_4" directorySegmentName="seg_0" id="8CB4E762-AC29-95AD-578B-9CAD875875A2">
<createdBy>litvaluk</createdBy>
<createdTime>2018-03-14 13:41:07 UTC</createdTime>
<ownerDesignName>vds</ownerDesignName>
<engineerTo>
<item key="FB1D4651-DB5A-A48B-0CE7-70F3D73FDF47" value="true"/>
</engineerTo>
<sourcePk>8543181D-1161-B163-D204-43F66EB1EDFC</sourcePk>
<identifying>false</identifying>
<nameOnSource>se nachazi na</nameOnSource>
<optionalSource>true</optionalSource>
<optionalTarget>false</optionalTarget>
<sourceCardinality>1</sourceCardinality>
<sourceEntity>23F58857-3551-DE48-C5BF-E4E03665C467</sourceEntity>
<targetCardinalityString>*</targetCardinalityString>
<targetEntity>F5BA01A7-5031-B64B-32C0-338571B20EE1</targetEntity>
<transferable>true</transferable>
<deleteRule>NO ACTION</deleteRule>
</Relation>