<?xml version = '1.0' encoding = 'UTF-8'?>
<Relation class="oracle.dbtools.crest.model.design.logical.Relation" name="Relation_11" directorySegmentName="seg_0" id="AC9C569D-4AD5-E909-D1C4-B8153F825FCD">
<createdBy>litvaluk</createdBy>
<createdTime>2018-03-14 13:45:45 UTC</createdTime>
<ownerDesignName>vds</ownerDesignName>
<engineerTo>
<item key="FB1D4651-DB5A-A48B-0CE7-70F3D73FDF47" value="true"/>
</engineerTo>
<sourcePk>98B0FB63-74BC-72B9-2ABE-F7EBED3E27EC</sourcePk>
<identifying>false</identifying>
<nameOnSource>ridi</nameOnSource>
<optionalSource>true</optionalSource>
<optionalTarget>false</optionalTarget>
<sourceCardinality>1</sourceCardinality>
<sourceEntity>3D2F7B69-B5A3-E3B1-EE0C-3D7FC9F05D71</sourceEntity>
<targetCardinalityString>*</targetCardinalityString>
<targetEntity>CEAF0058-2ADC-AA55-BBC1-1F219B014118</targetEntity>
<transferable>true</transferable>
<deleteRule>NO ACTION</deleteRule>
</Relation>