<?xml version = '1.0' encoding = 'UTF-8'?>
<Relation class="oracle.dbtools.crest.model.design.logical.Relation" name="Relation_1" directorySegmentName="seg_0" id="EBF1D44D-83F1-90F9-1F4B-B90DD324EFB9">
<createdBy>litvaluk</createdBy>
<createdTime>2018-03-14 13:36:26 UTC</createdTime>
<ownerDesignName>vds</ownerDesignName>
<engineerTo>
<item key="FB1D4651-DB5A-A48B-0CE7-70F3D73FDF47" value="true"/>
</engineerTo>
<identifying>false</identifying>
<nameOnTarget>leti</nameOnTarget>
<optionalSource>true</optionalSource>
<optionalTarget>true</optionalTarget>
<sourceCardinality>*</sourceCardinality>
<sourceEntity>B563079F-D624-9DDF-E7EB-372453F1525A</sourceEntity>
<targetCardinalityString>*</targetCardinalityString>
<targetEntity>8B319392-84F0-E4B5-98FA-4B6B3F60FFF9</targetEntity>
<transferable>true</transferable>
<deleteRule>NO ACTION</deleteRule>
</Relation>