<?xml version = '1.0' encoding = 'UTF-8'?>
<Relation class="oracle.dbtools.crest.model.design.logical.Relation" name="Relation_19" directorySegmentName="seg_0" id="EE0D62C9-85BC-5440-5240-0D6C0366BE9B">
<createdBy>litvaluk</createdBy>
<createdTime>2018-03-16 16:50:46 UTC</createdTime>
<ownerDesignName>vds</ownerDesignName>
<engineerTo>
<item key="FB1D4651-DB5A-A48B-0CE7-70F3D73FDF47" value="true"/>
</engineerTo>
<sourcePk>029D64A9-D5D0-378D-3F20-5E4BDB118C7C</sourcePk>
<identifying>false</identifying>
<nameOnSource>je model</nameOnSource>
<optionalSource>true</optionalSource>
<optionalTarget>false</optionalTarget>
<sourceCardinality>1</sourceCardinality>
<sourceEntity>79A238E3-CE6F-4E80-0D0E-B62740C489FD</sourceEntity>
<targetCardinalityString>*</targetCardinalityString>
<targetEntity>1EF5A091-36B2-F993-9CA6-6A63A412008F</targetEntity>
<transferable>true</transferable>
<deleteRule>NO ACTION</deleteRule>
</Relation>