<?xml version = '1.0' encoding = 'UTF-8'?>
<Relation class="oracle.dbtools.crest.model.design.logical.Relation" name="Relation_2" directorySegmentName="seg_0" id="EE7B3234-D516-CED4-73BC-2FA3ACAF245D">
<createdBy>litvaluk</createdBy>
<createdTime>2018-03-14 13:39:18 UTC</createdTime>
<ownerDesignName>vds</ownerDesignName>
<engineerTo>
<item key="FB1D4651-DB5A-A48B-0CE7-70F3D73FDF47" value="true"/>
</engineerTo>
<sourcePk>8543181D-1161-B163-D204-43F66EB1EDFC</sourcePk>
<identifying>false</identifying>
<nameOnSource>ma domovskou planetu</nameOnSource>
<optionalSource>true</optionalSource>
<optionalTarget>false</optionalTarget>
<sourceCardinality>1</sourceCardinality>
<sourceEntity>23F58857-3551-DE48-C5BF-E4E03665C467</sourceEntity>
<targetCardinalityString>*</targetCardinalityString>
<targetEntity>8B319392-84F0-E4B5-98FA-4B6B3F60FFF9</targetEntity>
<transferable>true</transferable>
<deleteRule>NO ACTION</deleteRule>
</Relation>