<?xml version = '1.0' encoding = 'UTF-8'?>
<Relation class="oracle.dbtools.crest.model.design.logical.Relation" name="Relation_7" directorySegmentName="seg_0" id="F06498D9-AC84-4AD5-050A-C931DE324EF0">
<createdBy>litvaluk</createdBy>
<createdTime>2018-03-14 13:43:28 UTC</createdTime>
<ownerDesignName>vds</ownerDesignName>
<engineerTo>
<item key="FB1D4651-DB5A-A48B-0CE7-70F3D73FDF47" value="true"/>
</engineerTo>
<sourcePk>B6BE64B7-8D4A-EA36-B3CC-55929A665F0C</sourcePk>
<identifying>false</identifying>
<nameOnSource>leti do</nameOnSource>
<optionalSource>true</optionalSource>
<optionalTarget>false</optionalTarget>
<sourceCardinality>1</sourceCardinality>
<sourceEntity>F5BA01A7-5031-B64B-32C0-338571B20EE1</sourceEntity>
<targetCardinalityString>*</targetCardinalityString>
<targetEntity>CEAF0058-2ADC-AA55-BBC1-1F219B014118</targetEntity>
<transferable>true</transferable>
<deleteRule>NO ACTION</deleteRule>
</Relation>